0,0.554427,-2.2904e-05,0.508199,-0.116286,-0.0205523,0.325129,0.00842606,-0.0192602,-4.9703e-05
0.019285,0.554424,-2.80387e-05,0.50815,-0.202205,-0.00510843,0.348304,0.00551717,-0.0275813,-3.495e-05
0.0407767,0.554436,-3.27518e-05,0.508135,-0.237362,0.012074,0.281247,0.00304469,-0.0262529,-2.40717e-05
0.0597944,0.554457,-3.73728e-05,0.508144,-0.219371,0.0285376,0.158582,0.00114351,-0.0184938,-1.32191e-05
0.0793831,0.554477,-3.97817e-05,0.508167,-0.152366,0.0377682,0.0356864,-0.000383791,-0.0087501,9.64398e-06
0.0996149,0.554488,-3.924e-05,0.508187,-0.082823,0.038197,-0.0372221,-0.00126681,-0.00174633,2.798e-05
0.120217,0.554492,-3.52346e-05,0.508209,-0.00139032,0.0297426,-0.0851984,-0.00200381,0.00400758,4.33685e-05
0.139575,0.554489,-2.85184e-05,0.508221,0.0520289,0.0133053,-0.0887864,-0.00179567,0.00638884,3.77519e-05
0.159605,0.554483,-2.06951e-05,0.508225,0.0713547,-0.00688838,-0.0644738,-0.000950215,0.00598105,9.25215e-06
0.179661,0.554476,-1.38081e-05,0.508223,0.0620725,-0.0252157,-0.0309417,0.00014187,0.00399793,-2.64107e-05
0.200003,0.554472,-9.48861e-06,0.508219,0.0378869,-0.0366414,-0.00189976,0.00104245,0.00177636,-5.95531e-05
0.219271,0.55447,-8.7481e-06,0.508214,0.0124205,-0.0380636,0.0150347,0.00128257,-0.000132659,-7.21389e-05
0.239994,0.55447,-1.17632e-05,0.508211,-0.00665668,-0.0292849,0.0202332,0.00109332,-0.00113089,-6.15406e-05
0.259699,0.554472,-1.75945e-05,0.508211,-0.0153424,-0.0130454,0.0168842,0.000481713,-0.001398,-3.28521e-05
0.279231,0.554473,-2.47564e-05,0.508212,-0.0160238,0.00611048,0.00971535,-0.000210277,-0.00118269,8.25499e-06
0.29926,0.554474,-3.13035e-05,0.508213,-0.0118379,0.0229126,0.00302376,-0.000701158,-0.000637925,4.35952e-05
0.319576,0.554475,-3.55383e-05,0.508215,-0.00593767,0.0330353,-0.00173991,-0.00102398,-0.000244723,6.75855e-05
0.340047,0.554475,-3.64813e-05,0.508217,-0.00151908,0.0341158,-0.00342902,-0.000920867,0.000107692,7.17253e-05
0.359296,0.554475,-3.43017e-05,0.508218,0.0014005,0.0273408,-0.00325497,-0.000680476,0.000221302,5.73373e-05
0.379905,0.554474,-2.86967e-05,0.508219,0.00250777,0.0118316,-0.00187983,-0.000174415,0.000205882,2.61231e-05
0.399774,0.554474,-2.22447e-05,0.50822,0.00233662,-0.00501867,-0.000305584,0.000348355,0.000202025,-1.10124e-05
0.42013,0.554474,-1.62682e-05,0.508221,0.00199554,-0.019818,0.000353866,0.000652622,6.03112e-05,-4.1805e-05
0.439027,0.554473,-1.23397e-05,0.508222,0.00115019,-0.0287853,0.000601343,0.000860051,4.7343e-05,-6.06249e-05
0.460003,0.554473,-1.13e-05,0.508223,0.00102008,-0.0299008,0.000183683,0.000759992,1.85436e-05,-6.37979e-05
0.479309,0.554473,-1.33604e-05,0.508224,0.000694375,-0.0231617,-0.000511786,0.000476259,-1.62722e-05,-4.7825e-05
0.498965,0.554474,-1.77885e-05,0.508225,0.000446052,-0.0107319,-0.000803361,0.000128076,4.87375e-05,-2.25671e-05
0.51908,0.554474,-2.27606e-05,0.508225,0.000383294,0.00247719,-0.00111064,-0.000284972,-1.63376e-05,6.47105e-06
0.539351,0.554474,-2.85003e-05,0.508226,-0.000268267,0.0169204,-0.000698068,-0.000571257,1.90798e-05,3.67772e-05
0.559588,0.554473,-3.1916e-05,0.508227,-0.000454958,0.0249016,-0.000166028,-0.000726038,-7.76253e-06,5.24333e-05
0.583333,0.554473,-3.28234e-05,0.508228,-0.000919628,0.0260901,0.000376616,-0.000668777,-5.91055e-05,5.58469e-05
0.599722,0.554473,-3.13214e-05,0.508228,-0.00106978,0.0212603,0.000982882,-0.000435341,-2.11076e-05,4.383e-05
0.619612,0.554473,-2.75979e-05,0.508229,-0.000883814,0.01095,0.0010582,-0.000154836,-8.32928e-05,2.28142e-05
0.640207,0.554473,-2.27594e-05,0.50823,-0.000775742,-0.00173046,0.00111811,0.000241021,-1.58053e-05,-4.55128e-06
0.660152,0.554473,-1.80448e-05,0.508231,-6.35449e-06,-0.0134082,0.000633678,0.000471046,-2.15426e-05,-2.94964e-05
0.680553,0.554473,-1.47355e-05,0.508232,0.000351096,-0.0210454,3.83169e-05,0.000617339,2.98812e-06,-4.4272e-05
0.70019,0.554473,-1.35478e-05,0.508233,0.000856342,-0.0229047,-0.000442626,0.000599782,6.77044e-05,-4.90839e-05
0.720525,0.554473,-1.47162e-05,0.508234,0.00117055,-0.0187205,-0.00104349,0.000373254,2.70645e-05,-3.8729e-05
0.740267,0.554473,-1.78297e-05,0.508235,0.000899337,-0.00986723,-0.00106735,0.000143922,8.16144e-05,-2.0187e-05
0.759909,0.554473,-2.19297e-05,0.508236,0.000830419,0.00112382,-0.00103012,-0.000194519,3.68315e-05,2.8308e-06
0.779972,0.554473,-2.59677e-05,0.508236,0.000154616,0.0113535,-0.000661159,-0.000416938,9.58471e-06,2.53068e-05
0.799483,0.554473,-2.83745e-05,0.508237,-0.00010733,0.0171477,-0.000199423,-0.000527272,3.93216e-06,3.61488e-05
0.819687,0.554473,-2.98253e-05,0.508238,-0.000636438,0.0200038,0.00028343,-0.000539052,-5.80746e-05,4.29249e-05
0.840632,0.554473,-2.91623e-05,0.508238,-0.000951983,0.017544,0.000813326,-0.000371625,-1.64836e-05,3.6317e-05
0.863712,0.554473,-2.67083e-05,0.508239,-0.000780742,0.0106336,0.000862648,-0.000189787,-7.36959e-05,2.2056e-05
0.880714,0.554473,-2.35622e-05,0.50824,-0.000812496,0.00226513,0.000950101,9.38858e-05,-1.98248e-05,4.1045e-06
0.899199,0.554473,-2.018e-05,0.50824,-0.000220937,-0.00626224,0.000614437,0.00026212,-3.82662e-05,-1.40557e-05
0.920197,0.554473,-1.68499e-05,0.508241,0.000101746,-0.014231,0.000158916,0.00044231,-7.7898e-06,-2.99211e-05
0.940288,0.554473,-1.53006e-05,0.508242,0.000555008,-0.0173376,-0.000205115,0.000479436,5.1222e-05,-3.73541e-05
0.96091,0.554473,-1.55326e-05,0.508243,0.00089489,-0.0157912,-0.000733153,0.000339716,1.57475e-05,-3.27878e-05
0.981075,0.554473,-1.74055e-05,0.508244,0.000733331,-0.0102155,-0.000799392,0.000194353,6.80385e-05,-2.11257e-05
1.00021,0.554473,-2.02999e-05,0.508245,0.000775091,-0.00226165,-0.000850998,-6.82572e-05,3.41277e-05,-4.50538e-06
1.01992,0.554473,-2.31728e-05,0.508246,0.000272931,0.00517991,-0.000635662,-0.000231867,2.49792e-05,1.19792e-05
1.04043,0.554472,-2.60171e-05,0.508246,-8.12258e-05,0.0122097,-0.00016897,-0.000370247,2.42731e-05,2.56285e-05
1.0601,0.554472,-2.72625e-05,0.508247,-0.000365191,0.014938,6.27534e-05,-0.000426242,-4.17511e-05,3.22366e-05
1.08001,0.554472,-2.71017e-05,0.508248,-0.00076162,0.0138359,0.000565895,-0.000299161,-1.24625e-05,2.9032e-05
1.10049,0.554472,-2.54282e-05,0.508248,-0.000582468,0.00908261,0.000670866,-0.000170359,-4.38806e-05,1.84911e-05
1.12049,0.554472,-2.28521e-05,0.508249,-0.000597883,0.0022143,0.000650858,4.05378e-05,-3.97109e-05,4.68934e-06
1.14051,0.554472,-2.00148e-05,0.50825,-0.00024671,-0.00494143,0.00054075,0.000230309,4.43715e-06,-1.14879e-05
1.16092,0.554472,-1.76841e-05,0.508251,0.000170364,-0.0104756,9.0846e-05,0.000309897,-2.29078e-05,-2.21023e-05
1.18071,0.554472,-1.64364e-05,0.508252,0.000314554,-0.0130403,-0.000134634,0.000373447,4.00353e-05,-2.77198e-05
1.20002,0.554472,-1.64952e-05,0.508253,0.000717327,-0.0121209,-0.00050681,0.000268164,2.50012e-05,-2.57335e-05
1.22079,0.554472,-1.78333e-05,0.508253,0.000588075,-0.00807458,-0.000670232,0.000142229,2.91058e-05,-1.62125e-05
1.24063,0.554472,-1.99792e-05,0.508254,0.000525424,-0.00214151,-0.000586663,-1.87082e-05,5.09981e-05,-4.59982e-06
1.26033,0.554472,-2.23599e-05,0.508255,0.000332501,0.00409222,-0.000545313,-0.000205147,-4.85991e-06,9.46138e-06
1.27992,0.554473,-2.41325e-05,0.508255,0.0191342,0.00916596,-0.156444,-0.00101665,-0.0216001,6.76296e-05
1.30027,0.5545,-2.11854e-05,0.508239,0.303475,0.0161391,-0.871215,-0.0113381,-0.0693289,0.00033924
1.32015,0.554599,-8.64482e-06,0.508153,0.882138,0.0267101,-1.84547,-0.0329987,-0.0698073,0.000668929
1.34094,0.554793,1.20947e-05,0.507918,1.47921,0.0298887,-2.77588,-0.0548061,-0.0294336,0.000852996
1.36081,0.555073,3.60864e-05,0.507449,1.94097,0.0128456,-3.43971,-0.0670832,0.024556,0.000858531
1.3806,0.55541,5.90583e-05,0.506685,2.21541,-0.0269657,-3.69745,-0.0679245,0.0700446,0.000756262
1.40025,0.555782,7.76919e-05,0.505599,2.27355,-0.0798485,-3.51515,-0.0603445,0.0944232,0.000617866
1.42067,0.556177,8.84533e-05,0.504207,2.10127,-0.129343,-2.96111,-0.0478495,0.0949971,0.000470491
1.44116,0.556595,8.77019e-05,0.502559,1.72203,-0.158985,-2.17544,-0.0332194,0.0762784,0.000319038
1.46056,0.557043,7.30261e-05,0.500726,1.20403,-0.157267,-1.32465,-0.0186337,0.0464377,0.000175846
1.48043,0.557522,4.49849e-05,0.498784,0.647445,-0.120792,-0.562339,-0.00624238,0.0136743,6.5656e-05
1.50057,0.558031,7.65595e-06,0.496801,0.157437,-0.0552972,-0.00688135,0.00198308,-0.0162673,2.22322e-05
1.52001,0.558565,-3.19712e-05,0.494823,-0.179827,0.0253676,0.263552,0.00489039,-0.0405662,6.4126e-05
1.54187,0.559121,-6.53931e-05,0.492872,-0.307447,0.102533,0.200374,0.00193168,-0.0592738,0.000188141
1.56013,0.559701,-8.45134e-05,0.490943,-0.197492,0.157662,-0.230292,-0.00692144,-0.074134,0.00037242
1.58077,0.560316,-8.31269e-05,0.488996,0.164478,0.177223,-1.13127,-0.0219539,-0.0987345,0.000599212
1.59896,0.56093,-5.96242e-05,0.487164,0.853159,0.162775,-2.77907,-0.047599,-0.155776,0.000931018
1.62041,0.56182,-6.87663e-07,0.484665,2.04736,0.108814,-4.61113,-0.0898559,-0.0769435,0.00109922
1.64031,0.562722,6.29242e-05,0.482001,2.59553,0.0142473,-5.03707,-0.103131,0.0839023,0.000729356
1.65996,0.563594,0.000111484,0.478909,2.3729,-0.121627,-4.10234,-0.0759594,0.203208,0.000132889
1.68034,0.564335,0.00013229,0.475451,1.68144,-0.260602,-2.35547,-0.026231,0.204723,-0.000337317
1.69898,0.564892,0.000127918,0.472146,1.04207,-0.339046,-1.02702,0.00971786,0.0846921,-0.000473034
1.72033,0.565566,0.000104421,0.468006,0.755885,-0.320248,-0.794347,0.00908911,-0.117044,-0.000107298
1.74008,0.566318,7.25357e-05,0.464197,0.808313,-0.193194,-1.13257,-0.0220226,-0.144648,0.000354755
1.76387,0.56721,2.57586e-05,0.460323,0.629315,-0.0195106,-1.34733,-0.0414953,-0.0688787,0.000459393
1.78084,0.568044,-2.73308e-05,0.456752,0.329618,0.123337,-1.33261,-0.0373602,4.18585e-05,0.000320798
1.80084,0.56891,-8.24221e-05,0.452672,0.150353,0.232714,-1.37336,-0.0241408,0.00681226,0.000244497
1.82092,0.569693,-0.000110314,0.448461,0.364729,0.280892,-1.78783,-0.0258741,-0.0399835,0.000431917
1.84082,0.570438,-9.99305e-05,0.444098,0.748272,0.264797,-2.05373,-0.0397429,-0.0335698,0.000647285
1.86119,0.57116,-6.15631e-05,0.439569,0.872163,0.179776,-1.93925,-0.043171,0.000465392,0.00056922
1.88031,0.571843,-1.14846e-05,0.434882,0.750177,0.04082,-1.66724,-0.0313784,0.00785284,0.000228895
1.90091,0.572479,3.97902e-05,0.430057,0.638031,-0.110237,-1.64178,-0.0204815,-0.0277494,-0.000126298
1.9191,0.573026,8.05818e-05,0.425602,0.645472,-0.217199,-1.70139,-0.0203396,-0.0386438,-0.000304719
1.94139,0.573664,0.000110034,0.420012,0.610813,-0.280813,-1.64287,-0.0228375,-0.0225597,-0.000409074
1.96,0.574195,0.00010746,0.414794,0.510351,-0.266793,-1.58152,-0.0216366,-0.0222876,-0.000446187
1.97894,0.574624,8.30749e-05,0.409991,0.47091,-0.198746,-1.72024,-0.0234847,-0.0445213,-0.000384547
1.99955,0.574971,5.01566e-05,0.40563,0.505195,-0.104724,-1.82048,-0.0291125,-0.0420913,-0.000212037
2.01985,0.575348,1.6205e-06,0.400055,0.501441,0.0290655,-1.74111,-0.0328522,-0.0189222,2.49478e-05
2.04105,0.57567,-4.92413e-05,0.393766,0.416003,0.156436,-1.83512,-0.031691,-0.0552576,0.000129028
2.05936,0.575879,-7.29783e-05,0.388492,0.489709,0.227156,-2.38918,-0.0448575,-0.096156,0.000181595
2.07981,0.576046,-7.82097e-05,0.382475,0.584075,0.245046,-1.36718,-0.041603,0.0965987,0.000549464
2.09956,0.576024,-7.93822e-05,0.376358,0.133143,0.176224,0.340236,0.00991154,0.140427,0.000252099
2.11922,0.575831,-6.39781e-05,0.370255,-0.0894707,0.0640122,0.628308,0.0306087,-0.0228897,-0.000180645
2.14151,0.575561,-2.17968e-05,0.363626,0.0848893,-0.0556107,1.56654,0.0231403,0.0506095,0.000355426
2.15899,0.575293,4.14637e-06,0.358332,-0.154325,-0.144762,2.72887,0.0446325,0.104618,0.000310569
2.17905,0.574942,1.51907e-05,0.352664,-0.482632,-0.208215,2.93915,0.0618175,0.0159409,-0.000221038
2.19986,0.57459,1.59934e-05,0.347241,-0.471017,-0.206067,2.74988,0.0513221,0.00351903,-9.89623e-05
2.21897,0.574242,2.03746e-06,0.34205,-0.45979,-0.145985,2.58827,0.0415894,0.0392441,0.00012102
2.2399,0.573865,-2.74278e-05,0.33707,-0.477365,-0.0513641,2.27679,0.0384838,0.0475639,0.000127408
2.25897,0.573439,-6.18295e-05,0.33227,-0.388008,0.0538162,1.91914,0.0333809,0.0533458,0.000220686
2.27913,0.572958,-8.96705e-05,0.327621,-0.262996,0.143032,1.51662,0.025781,0.0435956,0.000344325
2.29964,0.572428,-0.000102425,0.323092,-0.135272,0.193858,1.12451,0.0164092,0.034716,0.000461669
2.31938,0.571854,-9.76458e-05,0.318658,-0.0418176,0.192346,0.841145,0.0117481,0.031892,0.000465157
2.33981,0.571237,-7.59308e-05,0.314296,0.00392064,0.140384,0.568896,0.0075766,0.0282129,0.000349888
2.3594,0.570568,-4.44683e-05,0.30999,0.10382,0.049418,0.906651,0.0150538,0.0967976,0.00045049
2.37914,0.569814,-1.58667e-05,0.305764,0.168071,-0.0612806,1.75696,0.0409533,0.152598,0.000401605
2.39948,0.568985,5.98244e-06,0.301675,0.165401,-0.157437,2.24728,0.05836,0.0958112,0.000106688
2.41917,0.568162,2.32532e-05,0.297766,0.167236,-0.204862,2.19233,0.0468296,0.0277058,0.000210334
2.43979,0.567403,2.7918e-05,0.294046,0.14457,-0.196014,2.164,0.0349106,0.0429084,0.00055851
2.4592,0.56669,1.14368e-05,0.29051,0.0573656,-0.141964,2.3093,0.0405458,0.0923482,0.000588775
2.47978,0.56598,-2.09625e-05,0.287158,0.0014218,-0.0584962,2.45097,0.0514725,0.114651,0.000466666
2.49913,0.565262,-5.47321e-05,0.283989,-0.0240716,0.0369113,2.1542,0.0482622,0.0582714,0.000331928
2.5199,0.56458,-7.43333e-05,0.280981,-0.110283,0.126882,1.09032,0.0159598,-0.0456143,0.000260745
2.53981,0.563954,-7.77011e-05,0.278068,-0.0768052,0.182885,0.434573,-0.00967747,0.00143307,0.000708474
2.56002,0.563306,-7.62966e-05,0.275201,0.0608856,0.177515,0.907151,0.0110634,0.152716,0.000924444
2.57975,0.562537,-7.28987e-05,0.272399,0.351123,0.108377,2.35662,0.0629094,0.28098,0.000972512
2.59958,0.561648,-6.16618e-05,0.269763,0.720615,-0.000219138,4.03831,0.10763,0.294014,0.00105781
2.61936,0.560772,-3.80782e-05,0.267425,0.843583,-0.10848,4.7117,0.11296,0.135642,0.000916704
2.63899,0.560103,-3.5494e-06,0.265457,0.595457,-0.178094,4.06855,0.0696656,-0.0250121,0.00112021
2.65981,0.559721,2.30202e-05,0.263829,0.181342,-0.19711,3.01229,0.0338584,-0.0376505,0.00115562
2.67929,0.559535,2.67721e-05,0.262444,-0.302571,-0.166248,1.73454,0.0194489,-0.00384759,0.00034834
2.70048,0.559411,1.35729e-05,0.261306,-0.540611,-0.101877,0.601796,0.00965333,0.0278059,-0.000303743
2.71931,0.559233,-8.04987e-06,0.260186,-0.499452,-0.01722,-0.232709,8.42431e-05,0.0547079,-0.000490463
2.74079,0.558915,-3.46196e-05,0.258897,-0.209028,0.0755901,-0.580931,-0.00385316,0.0778583,-0.000248224
2.75907,0.558514,-5.5167e-05,0.257683,0.133501,0.135773,-0.345243,0.00200336,0.091966,0.000155937
2.78082,0.557925,-6.90132e-05,0.256168,0.49022,0.15875,0.461058,0.0180527,0.100664,0.000671992
2.80092,0.557366,-6.71162e-05,0.25483,0.669031,0.127004,1.40252,0.0352151,0.102708,0.00101093
2.82126,0.556856,-5.22323e-05,0.253611,0.69702,0.0555901,2.27286,0.0502027,0.102621,0.0011687
2.83899,0.556479,-3.18637e-05,0.25267,0.625447,-0.0252421,2.84778,0.0596772,0.102875,0.00116697
2.85894,0.556173,-8.31631e-06,0.25184,0.491114,-0.109947,3.18832,0.0651856,0.104351,0.00105347
2.88336,0.555988,9.08521e-06,0.251254,0.351873,-0.16693,3.22838,0.065615,0.105724,0.000904941
2.90013,0.555914,1.51076e-05,0.250934,0.251117,-0.181863,3.05992,0.0623455,0.10463,0.000778745
2.92027,0.555915,9.58631e-06,0.250792,0.174668,-0.154989,2.71184,0.0554381,0.0977329,0.000680451
2.94084,0.555985,-6.40529e-06,0.250844,0.091539,-0.0901645,2.04331,0.0441938,0.0464909,0.000392434
2.95978,0.556131,-2.27111e-05,0.251038,-0.180222,0.00160371,0.698558,0.00598233,-0.0529747,1.3323e-05
2.98014,0.556338,-3.65133e-05,0.251284,-0.261313,0.0904446,-0.286263,-0.0201593,-0.0307297,0.000184619
2.99955,0.556523,-4.96369e-05,0.251504,-0.283275,0.148857,-0.84948,-0.0208744,0.0067134,-0.000141664
3.02056,0.556623,-5.48417e-05,0.251645,-0.19416,0.163147,-1.06879,-0.0158649,0.0225006,-0.000365109
3.31239,0.556631,-5.43379e-05,0.251662,-0.161844,0.16045,-1.07354,-0.0151342,0.023462,-0.00036845
3.31637,0.556635,-5.32694e-05,0.251676,-0.12615,0.155925,-1.06574,-0.0144759,0.0238913,-0.000355692
3.3194,0.556635,-5.25268e-05,0.251681,-0.107356,0.152994,-1.05724,-0.0141548,0.0239363,-0.000343873
3.31977,0.556635,-5.16491e-05,0.251685,-0.0881059,0.14963,-1.04575,-0.0138285,0.0238838,-0.000329011
4.20289,0.556634,-5.06404e-05,0.251689,-0.068529,0.145847,-1.03134,-0.0134898,0.0237447,-0.000311668
4.20347,0.556632,-4.9505e-05,0.251691,-0.0487477,0.141656,-1.0141,-0.0131331,0.0235286,-0.000292458
4.21889,0.556629,-4.82757e-05,0.251692,0.298237,-0.141229,-2.23096,-0.00870923,-0.0645947,6.32946e-05
4.22192,0.556626,-4.69182e-05,0.251693,-0.0438141,0.127488,-1.01268,-0.0118182,0.0211728,-0.000263048
4.22515,0.556623,-4.54633e-05,0.251691,0.268554,-0.127103,-2.10786,-0.00783737,-0.0581191,5.67513e-05
4.23133,0.556618,-4.3879e-05,0.251689,-0.0393817,0.114735,-1.0114,-0.0106351,0.0190527,-0.000236477
4.23589,0.556614,-4.21923e-05,0.251685,0.241838,-0.114387,-1.99708,-0.00705241,-0.0522918,5.07651e-05
4.23776,0.556609,-4.03741e-05,0.251681,-0.0353982,0.103256,-1.01025,-0.00957059,0.0171448,-0.000212478
4.23989,0.556603,-3.84487e-05,0.251675,0.217794,-0.102941,-1.89738,-0.00634571,-0.0470477,4.52998e-05
4.24261,0.556597,-3.63905e-05,0.251668,-0.0318172,0.0929234,-1.00921,-0.00861276,0.0154278,-0.000190811
4.2446,0.55659,-3.42225e-05,0.25166,0.196151,-0.0926396,-1.80765,-0.00570951,-0.0423287,4.03213e-05
4.24842,0.556582,-3.19226e-05,0.251652,-0.0285969,0.0836234,-1.00827,-0.00775092,0.0138829,-0.000171256
4.25253,0.556575,-2.95128e-05,0.251642,0.176671,-0.0833674,-1.72691,-0.00513685,-0.038082,3.57977e-05
4.25622,0.556566,-2.69744e-05,0.251631,-0.0257001,0.0752529,-1.00743,-0.00697545,0.0124927,-0.000153616
4.26049,0.556557,-2.43279e-05,0.251618,0.159136,-0.075022,-1.65424,-0.00462143,-0.0342606,3.16987e-05
4.26461,0.556548,-2.15572e-05,0.251606,-0.0230936,0.0677192,-1.00667,-0.0062777,0.0112419,-0.00013771
4.26766,0.556538,-1.86807e-05,0.251591,0.143352,-0.0675109,-1.58884,-0.00415756,-0.0308217,2.79953e-05
4.2693,0.556527,-1.56834e-05,0.251576,-0.0207478,0.0609387,-1.006,-0.00564986,0.0101165,-0.000123374
4.27094,0.556516,-1.25812e-05,0.25156,0.129143,-0.0607509,-1.52998,-0.00374008,-0.0277271,2.46583e-05
4.27355,0.556505,-9.35943e-06,0.251543,-0.0186361,0.0548362,-1.00539,-0.00508488,0.00910412,-0.000110459
4.27535,0.556492,-6.03121e-06,0.251525,0.116352,-0.0546669,-1.47701,-0.00336432,-0.0249424,2.16588e-05
4.27837,0.55648,-2.58221e-06,0.251506,-0.0167349,0.0493441,-1.00484,-0.0045764,0.00819338,-9.88286e-05
4.2815,0.556467,9.76857e-07,0.251487,0.104837,-0.0491916,-1.42934,-0.00302608,-0.0224364,1.89688e-05
4.28362,0.556453,4.65949e-06,0.251466,-0.0150229,0.0444013,-1.00435,-0.00411872,0.0073742,-8.83593e-05
4.28796,0.556438,8.45626e-06,0.251444,0.0944709,-0.044264,-1.38644,-0.00272161,-0.0201812,1.65616e-05
4.29161,0.556424,1.23791e-05,0.251421,-0.0134808,0.039953,-1.00392,-0.00370676,0.00663743,-7.89384e-05
4.29355,0.556408,1.64188e-05,0.251398,0.0851382,-0.0398294,-1.34783,-0.00244755,-0.0181517,1.4413e-05
4.29754,0.556392,2.05851e-05,0.251373,-0.0120915,0.0359498,-1.00352,-0.00333594,0.00597482,-7.04636e-05
4.30023,0.556376,2.48685e-05,0.251348,0.0767361,-0.0358386,-1.31308,-0.0022009,-0.0163254,1.25011e-05
4.30217,0.556359,2.92767e-05,0.251321,-0.0108394,0.0323472,-1.00318,-0.00300221,0.00537895,-6.28423e-05
4.30394,0.556341,3.38e-05,0.251294,0.0691718,-0.0322472,-1.28181,-0.00197896,-0.0146818,1.08062e-05
4.3056,0.556323,3.84444e-05,0.251266,-0.00971062,0.0291053,-1.00286,-0.00270186,0.00484314,-5.59907e-05
4.30831,0.556304,4.32009e-05,0.251237,0.0623617,-0.0290153,-1.25366,-0.00177929,-0.0132028,9.30982e-06
4.30997,0.556285,4.8075e-05,0.251207,-0.00869282,0.0261878,-1.00259,-0.00243156,0.00436138,-4.9833e-05
4.31158,0.556265,5.30592e-05,0.251176,0.0562305,-0.0261069,-1.22834,-0.00159966,-0.0118717,7.99458e-06
4.31421,0.556245,5.81591e-05,0.251145,-0.00777497,0.0235625,-1.00234,-0.00218828,0.00392827,-4.43006e-05
4.31936,0.556203,6.8696e-05,0.251079,-0.00694719,0.0212,-1.00212,-0.00196927,0.00353897,-3.93315e-05
4.32392,0.556181,7.41355e-05,0.251044,0.0457403,-0.0211347,-1.18503,-0.00129253,-0.00959573,5.84043e-06
4.32935,0.556159,7.96943e-05,0.251009,-0.00620056,0.0190741,-1.00192,-0.00177205,0.00318911,-3.48698e-05
4.33094,0.556136,8.53696e-05,0.250973,0.0412653,-0.0190156,-1.16657,-0.00116154,-0.00862542,4.97011e-06
4.33355,0.556112,9.11673e-05,0.250937,-0.00552699,0.017161,-1.00175,-0.00159444,0.00287474,-3.08647e-05
4.33508,0.556088,9.70845e-05,0.250899,0.0372361,-0.0171088,-1.14995,-0.00104361,-0.00775209,4.21899e-06
4.33795,0.556063,0.000103126,0.25086,-0.00491914,0.0154396,-1.00159,-0.00143449,0.00259232,-2.72699e-05
4.33948,0.556038,0.000109288,0.250821,0.0336084,-0.0153929,-1.135,-0.000937462,-0.00696603,3.57524e-06
4.34135,0.556013,0.000115573,0.250781,-0.00437035,0.0138907,-1.00146,-0.00129047,0.00233862,-2.40436e-05
4.34529,0.555986,0.000121977,0.25074,0.0303423,-0.013849,-1.12154,-0.000841959,-0.00625851,3.02863e-06
4.34798,0.555959,0.000128501,0.250698,-0.00387466,0.012497,-1.00134,-0.00116084,0.00211075,-2.11476e-05
4.35235,0.555932,0.000135142,0.250655,0.0274017,-0.0124597,-1.10943,-0.000756067,-0.00562166,2.57e-06
4.35676,0.555904,0.000141899,0.250611,-0.00342678,0.0112429,-1.00123,-0.00104416,0.00190611,-1.85478e-05
4.36122,0.555876,0.000148769,0.250567,0.0247544,-0.0112097,-1.09854,-0.000678826,-0.00504841,2.19081e-06
4.3628,0.555847,0.000155753,0.250521,-0.00302206,0.0101146,-1.00114,-0.000939138,0.00172239,-1.62134e-05
4.36549,0.555817,0.00016285,0.250475,0.0223709,-0.0100849,-1.08873,-0.000609343,-0.00453236,1.88272e-06
4.36704,0.555787,0.000170061,0.250428,-0.00265633,0.00909929,-1.00106,-0.000844566,0.00155749,-1.41172e-05
4.36966,0.555756,0.000177386,0.250381,0.0202249,-0.00907303,-1.07991,-0.000546796,-0.00406776,1.63765e-06
4.37124,0.555725,0.000184827,0.250332,-0.00232586,0.00818571,-1.00099,-0.000759356,0.00140956,-1.22349e-05
4.3728,0.555694,0.000192385,0.250283,0.0182927,-0.00816262,-1.07196,-0.000490454,-0.00364944,1.44795e-06
4.37542,0.555661,0.000200064,0.250232,-0.00202721,0.00736368,-1.00093,-0.000682549,0.00127689,-1.05445e-05
4.37698,0.555628,0.000207862,0.250181,0.016553,-0.00734353,-1.06482,-0.000439683,-0.00327274,1.3069e-06
4.37972,0.555595,0.000215784,0.250129,-0.00175717,0.00662407,-1.00087,-0.000613309,0.00115796,-9.02593e-06
4.38292,0.555561,0.000223827,0.250077,0.0149867,-0.00660656,-1.05839,-0.000393943,-0.0029335,1.20885e-06
4.38557,0.555527,0.000231994,0.250023,-0.00151283,0.00595866,-1.00083,-0.000550913,0.00105137,-7.66083e-06
4.38965,0.555492,0.000240281,0.249969,0.0135766,-0.00594347,-1.0526,-0.00035277,-0.00262798,1.14929e-06
4.40027,0.555308,0.000283493,0.249685,-0.000909221,0.0043369,-1.00073,-0.000398621,0.00079374,-4.32583e-06
4.41903,0.55507,0.000339134,0.249317,-0.000459857,0.00315558,-1.00067,-0.000287277,0.000609322,-1.86578e-06
4.43946,0.554676,0.000430678,0.248712,0.00530797,-0.00206392,-1.01874,-0.000111133,-0.000826817,1.91945e-06
4.46017,0.554338,0.00050845,0.248196,0.000261879,0.00134916,-1.00064,-0.000114611,0.000340713,2.14858e-06
4.48607,0.553863,0.00061703,0.247475,0.00279707,-0.000887157,-1.00848,-3.60841e-05,-0.00026288,3.34708e-06
4.49948,0.55358,0.000681508,0.247048,0.000579008,0.000638911,-1.0007,-4.44757e-05,0.000249865,4.18374e-06
4.51931,0.553222,0.000762733,0.246508,0.000667057,0.000462302,-1.00073,-2.64318e-05,0.000232129,4.88249e-06
4.54154,0.552647,0.000892766,0.245646,0.00158801,-0.000312024,-1.00353,3.06784e-06,3.50489e-05,5.40296e-06
4.55943,0.552239,0.000984725,0.245036,0.00142069,-0.000229779,-1.00283,9.29564e-06,8.36887e-05,6.05033e-06
4.57935,0.551588,0.00113088,0.244068,0.00088035,0.000122262,-1.00091,1.16962e-05,0.00022126,7.37551e-06
4.59941,0.550891,0.00128663,0.243038,0.00116755,-9.55606e-05,-1.00175,2.17715e-05,0.000178559,8.05167e-06
4.61938,0.550317,0.00141461,0.242194,0.000962391,4.49848e-05,-1.00103,2.30279e-05,0.000238717,9.08188e-06
4.64196,0.549538,0.00158773,0.241054,0.00110401,-4.90111e-05,-1.00144,2.87269e-05,0.000230198,9.94527e-06
4.65898,0.5489,0.00172924,0.240125,0.00102569,1.04199e-05,-1.00116,3.04668e-05,0.000263336,1.09423e-05
4.67993,0.54833,0.00185522,0.2393,0.0010474,3.05338e-06,-1.00121,3.25995e-05,0.000273428,1.16907e-05
4.69928,0.547538,0.00202999,0.238157,0.00107353,-4.79003e-06,-1.00128,3.56404e-05,0.000287549,1.27282e-05
4.71973,0.546815,0.0021894,0.237118,0.00112117,-2.48773e-05,-1.00142,3.84165e-05,0.000295257,1.36158e-05
4.74401,0.546063,0.00235469,0.236043,0.00111785,-1.33899e-05,-1.0014,4.0368e-05,0.000312962,1.4673e-05
4.75955,0.545396,0.00250126,0.235093,0.00113589,-1.54197e-05,-1.00145,4.26305e-05,0.000324126,1.55487e-05
4.77953,0.544708,0.0026522,0.234117,0.00115416,-1.76631e-05,-1.0015,4.44958e-05,0.000335285,1.64676e-05
4.80186,0.543635,0.00288694,0.232605,0.00118541,-2.44295e-05,-1.0016,4.7957e-05,0.000351291,1.78768e-05
4.82062,0.542768,0.00307648,0.231388,0.00119999,-2.24917e-05,-1.00164,5.02412e-05,0.000365602,1.90622e-05
4.83931,0.542001,0.00324372,0.230318,0.00121619,-2.49481e-05,-1.00169,5.24556e-05,0.000377126,2.01018e-05
4.85897,0.540811,0.00350312,0.228666,0.00124303,-2.74526e-05,-1.00178,5.60487e-05,0.000394061,2.17004e-05
4.88025,0.539851,0.00371175,0.227342,0.00125952,-2.92145e-05,-1.00183,5.86593e-05,0.000407928,2.30287e-05
4.90084,0.538862,0.00392665,0.225984,0.00127878,-3.0689e-05,-1.0019,6.17922e-05,0.000421357,2.43699e-05
4.92052,0.537696,0.00417965,0.224392,0.00129921,-3.33928e-05,-1.00197,6.4924e-05,0.000436931,2.59953e-05
4.93892,0.536795,0.00437475,0.22317,0.00131367,-3.4757e-05,-1.00203,6.77998e-05,0.000448725,2.72383e-05
4.95893,0.535403,0.00467588,0.221292,0.00133591,-3.69063e-05,-1.00211,7.17072e-05,0.000466335,2.91893e-05
4.98064,0.534608,0.00484757,0.220226,0.00134757,-3.90942e-05,-1.00216,7.41438e-05,0.000476169,3.03066e-05
4.9994,0.533634,0.00505787,0.218925,0.00136184,-3.97059e-05,-1.00222,7.72548e-05,0.000487957,3.16633e-05
5.01921,0.532131,0.00538172,0.21693,0.00138219,-4.35833e-05,-1.00231,8.15299e-05,0.000505703,3.38108e-05
5.03927,0.530927,0.00564083,0.215344,0.00139768,-4.47698e-05,-1.00238,8.5488e-05,0.000519527,3.55027e-05
5.06042,0.529693,0.00590607,0.213727,0.00141296,-4.76505e-05,-1.00245,8.90098e-05,0.000533329,3.7281e-05
5.08032,0.528245,0.00621689,0.211842,0.00142896,-5.02061e-05,-1.00253,9.37663e-05,0.000549228,3.93449e-05
5.09984,0.526945,0.00649554,0.210162,0.00144351,-5.24144e-05,-1.0026,9.76847e-05,0.00056303,4.12171e-05
5.12003,0.525422,0.00682161,0.208205,0.00145805,-5.61211e-05,-1.00268,0.000102607,0.00057896,4.34178e-05
5.13959,0.523858,0.00715588,0.206212,0.00147321,-5.81862e-05,-1.00277,0.0001076,0.000594762,4.56677e-05
5.15995,0.522871,0.00736551,0.204946,-0.0435716,0.00268619,-0.979472,-0.000171185,-0.00123765,-0.000109882
5.18408,0.522501,0.00747097,0.204554,-0.0231386,0.00140556,-0.992424,-6.59471e-05,-0.000649276,-4.81434e-05
5.20137,0.522465,0.00750841,0.20463,-0.0174187,0.00103435,-0.994518,-7.86228e-05,-0.000539931,-3.46071e-05
5.22149,0.522447,0.00755545,0.204781,-0.011633,0.000683831,-0.996252,-2.54314e-05,-0.000337751,-2.12573e-05
5.2402,0.52243,0.00760619,0.204938,0.00329238,-0.000451685,-1.00385,1.25075e-05,0.000220602,3.04481e-05
5.25959,0.522415,0.00764376,0.205039,-0.00492667,0.00030812,-0.998195,8.49532e-06,-0.00012254,-5.77068e-06
5.28221,0.522393,0.00768638,0.205133,-0.00315157,0.000220367,-0.998742,-8.0728e-06,-9.62302e-05,-1.74815e-06
5.3019,0.52237,0.00772655,0.205207,-0.00206398,0.000146045,-0.999091,1.80964e-05,-4.23366e-05,2.31383e-07
5.31973,0.522351,0.00775786,0.205252,-0.00148014,0.000124673,-0.999278,1.17205e-05,-3.91608e-05,1.31947e-06
5.33974,0.522324,0.00779687,0.205302,-0.000963184,8.43514e-05,-0.999494,6.11965e-06,-3.34116e-05,2.30199e-06
5.36047,0.522299,0.00783272,0.205336,0.000343709,-1.30571e-05,-1.0002,2.56802e-05,2.76198e-05,6.4685e-06
5.38004,0.522285,0.00785285,0.205353,0.000297643,1.82474e-06,-1.00016,5.46488e-06,3.47347e-07,6.07863e-06
5.40241,0.522248,0.00790232,0.205386,0.000122655,3.95632e-06,-1.00004,2.51868e-05,9.79147e-06,4.74174e-06
5.41976,0.522229,0.0079284,0.205399,-0.000284522,5.38354e-05,-0.999774,1.07627e-05,-2.63603e-05,2.9609e-06
5.43973,0.5222,0.00796807,0.205416,-0.000215382,3.57921e-05,-0.999846,5.23163e-06,-3.0101e-05,3.14563e-06
5.4595,0.522173,0.00800508,0.205428,-2.03324e-05,2.77064e-05,-0.999944,1.93515e-05,-1.30089e-05,3.5745e-06
5.47987,0.52215,0.0080361,0.205436,-1.27703e-05,3.1496e-05,-0.99997,-5.69244e-06,-4.06e-05,3.7208e-06
5.50069,0.522112,0.00808915,0.205445,-8.31632e-05,2.99466e-05,-0.999929,2.08314e-05,-1.7833e-05,3.20622e-06
5.51954,0.522089,0.00812152,0.205449,-5.98535e-05,3.69358e-05,-0.999957,-5.25683e-06,-4.62923e-05,3.45861e-06
5.54019,0.522063,0.00815894,0.205452,-0.000142272,2.80266e-05,-0.999927,1.47093e-05,-2.71984e-05,3.09207e-06
5.55972,0.522032,0.00820437,0.205455,-0.000117829,4.18966e-05,-0.999929,1.481e-06,-4.44444e-05,3.23733e-06
5.58029,0.522003,0.00824849,0.205456,-0.000132733,2.88472e-05,-0.99995,1.00699e-05,-3.40671e-05,3.25579e-06
5.59972,0.521969,0.00830145,0.205456,-0.00010766,4.06489e-05,-0.999949,9.03727e-07,-4.65948e-05,3.43953e-06
5.61986,0.52194,0.00834739,0.205455,-0.000126688,2.9585e-05,-0.999965,1.06587e-05,-3.51654e-05,3.43856e-06
5.64137,0.521918,0.00838424,0.205454,-0.000135325,3.7598e-05,-0.999937,1.56355e-05,-3.29263e-05,3.40981e-06
5.66087,0.521886,0.00843806,0.205451,-0.000119272,3.38211e-05,-0.999977,9.3606e-07,-4.67701e-05,3.71087e-06
5.67894,0.521864,0.0084758,0.205449,-0.000148484,3.48448e-05,-0.999941,2.12227e-05,-2.78405e-05,3.53721e-06
5.70104,0.521833,0.00853223,0.205446,-0.00010828,3.81068e-05,-0.999983,-5.74253e-06,-5.51378e-05,4.00447e-06
5.71947,0.521805,0.00858396,0.205443,-0.000147434,3.58217e-05,-0.999946,2.14731e-05,-2.86625e-05,3.79543e-06
5.73953,0.521785,0.00862343,0.20544,-0.000112941,4.14963e-05,-0.99997,-3.76841e-06,-5.49393e-05,4.20202e-06
5.76328,0.521758,0.00867574,0.205437,-0.000138911,3.50877e-05,-0.999967,1.77887e-05,-3.23014e-05,4.05884e-06
5.77978,0.521734,0.00872404,0.205433,-0.000126015,4.11934e-05,-0.999956,5.01397e-06,-4.70752e-05,4.35263e-06
5.79938,0.521718,0.00875748,0.205431,-0.000107392,4.05138e-05,-0.999989,-4.35189e-06,-5.56392e-05,4.53158e-06
5.82322,0.521689,0.00882069,0.205426,-0.00014341,3.87992e-05,-0.999947,1.94742e-05,-3.27799e-05,4.41856e-06
5.84056,0.521669,0.00886298,0.205423,-0.000106706,4.23733e-05,-0.999982,-5.42797e-06,-5.78955e-05,4.82504e-06
5.86079,0.521644,0.00892009,0.205418,-0.000140611,3.85641e-05,-0.999962,2.24937e-05,-2.96871e-05,4.60805e-06
5.88079,0.521616,0.00898642,0.205413,-0.000104565,4.31196e-05,-0.999985,-4.98546e-06,-5.81313e-05,5.13292e-06
5.89896,0.521601,0.00902291,0.20541,-0.000118863,4.18884e-05,-0.999986,1.13594e-05,-4.13316e-05,4.97549e-06
5.9189,0.521573,0.00909203,0.205405,-0.000120773,4.17678e-05,-0.999963,4.98474e-06,-4.89778e-05,5.30799e-06
5.93933,0.521553,0.00914474,0.2054,-0.000109229,4.44744e-05,-0.999992,7.14736e-06,-4.64222e-05,5.32316e-06
5.96023,0.521532,0.0092003,0.205396,-0.000137296,4.06848e-05,-0.999951,2.00341e-05,-3.43042e-05,5.38476e-06
5.97911,0.521506,0.00927091,0.20539,-0.000100921,4.66212e-05,-0.999996,3.25557e-06,-5.11839e-05,5.68263e-06
5.99988,0.521489,0.00931978,0.205386,-0.000136441,4.23265e-05,-0.999959,2.52211e-05,-2.95798e-05,5.58306e-06
6.01894,0.521472,0.00936922,0.205382,-0.000108613,4.33119e-05,-0.999975,7.35175e-07,-5.44384e-05,6.05284e-06
6.03947,0.521451,0.00943459,0.205377,-0.000117672,4.72007e-05,-0.999982,1.98484e-05,-3.55644e-05,5.86468e-06
6.05983,0.521431,0.0094946,0.205372,-0.000121615,4.18052e-05,-0.99996,1.0366e-05,-4.53946e-05,6.26e-06
6.08192,0.521408,0.0095705,0.205365,-0.000107111,5.02162e-05,-0.99999,1.61739e-05,-4.01234e-05,6.21868e-06
6.09896,0.521391,0.00962364,0.205361,-0.000130483,4.2261e-05,-0.999954,2.06359e-05,-3.57648e-05,6.43131e-06
6.11982,0.521374,0.0096847,0.205356,-8.85412e-05,5.00724e-05,-0.999999,-8.39567e-07,-5.76665e-05,6.75656e-06
6.14171,0.521351,0.00976571,0.205349,-0.000130094,4.39448e-05,-0.999956,2.47005e-05,-3.24641e-05,6.70197e-06
6.1619,0.521333,0.00982914,0.205344,-8.83415e-05,4.94311e-05,-0.999996,-1.41525e-06,-5.88933e-05,7.13517e-06
6.18208,0.521319,0.00988394,0.205339,-0.000108889,5.3172e-05,-0.999985,2.32839e-05,-3.49589e-05,6.86985e-06
6.20076,0.521299,0.00995968,0.205333,-0.000106661,4.37197e-05,-0.999973,5.68762e-06,-5.21021e-05,7.43966e-06
6.22062,0.521283,0.010025,0.205328,-9.06435e-05,5.73148e-05,-1,1.46182e-05,-4.45493e-05,7.27597e-06
6.23899,0.521266,0.0100933,0.205322,-0.000123837,4.3579e-05,-0.999957,2.12564e-05,-3.73512e-05,7.55307e-06
6.26003,0.521251,0.0101609,0.205316,-7.91416e-05,5.52309e-05,-1,2.00555e-06,-5.74817e-05,7.81299e-06
6.28157,0.521237,0.01022,0.205311,-0.000111116,5.45583e-05,-0.999977,2.85113e-05,-3.16392e-05,7.60626e-06
6.30155,0.521215,0.0103205,0.205303,-7.92177e-05,5.3823e-05,-1,9.08893e-07,-5.91668e-05,8.23076e-06
6.3203,0.521203,0.0103812,0.205298,-0.000100304,5.90588e-05,-0.999987,2.67539e-05,-3.45489e-05,7.95459e-06
6.33896,0.52119,0.010444,0.205293,-0.000114909,4.33626e-05,-0.999963,1.64328e-05,-4.36013e-05,8.45093e-06
6.35929,0.521171,0.0105368,0.205285,-8.10611e-05,6.42787e-05,-1,1.86232e-05,-4.37626e-05,8.36279e-06
6.37898,0.521161,0.0105905,0.20528,-0.000117638,5.02714e-05,-0.999964,2.96953e-05,-3.19076e-05,8.53216e-06
6.39905,0.521141,0.0106972,0.205271,-6.89948e-05,6.43896e-05,-1.00001,9.32844e-06,-5.36306e-05,8.86627e-06
6.42057,0.521124,0.0107965,0.205263,-0.000115537,4.50648e-05,-0.999961,2.21497e-05,-3.97205e-05,9.17403e-06
6.44185,0.521113,0.0108624,0.205257,-6.96385e-05,5.91002e-05,-1.00001,3.60311e-06,-5.94352e-05,9.39738e-06
6.45979,0.521096,0.0109639,0.205248,-0.000113503,5.18268e-05,-0.999965,3.0775e-05,-3.27435e-05,9.36593e-06
6.47916,0.521085,0.0110323,0.205243,-8.19503e-05,5.12794e-05,-0.999992,4.51944e-06,-5.84857e-05,9.87118e-06
6.49923,0.521073,0.0111122,0.205236,-7.9917e-05,6.98883e-05,-0.999999,2.773e-05,-3.8221e-05,9.51889e-06
6.51957,0.521062,0.0111832,0.20523,-0.000111614,4.57495e-05,-0.999963,2.26474e-05,-4.10114e-05,1.00433e-05
6.5404,0.521051,0.011265,0.205223,-5.90327e-05,6.80641e-05,-1.00001,8.74961e-06,-5.71566e-05,1.01438e-05
6.56485,0.521036,0.0113736,0.205213,-0.000111507,4.89265e-05,-0.999963,2.79453e-05,-3.70657e-05,1.03703e-05
6.57967,0.521027,0.0114461,0.205207,-6.67581e-05,5.94828e-05,-1.00001,5.1924e-06,-6.04691e-05,1.0706e-05
6.60092,0.521016,0.0115317,0.205199,-8.42301e-05,7.03233e-05,-0.999992,3.37843e-05,-3.44181e-05,1.03992e-05
6.6189,0.521003,0.011632,0.205191,-8.37756e-05,5.02856e-05,-0.999988,8.69842e-06,-5.68882e-05,1.11824e-05
6.63988,0.520993,0.0117194,0.205183,-6.19719e-05,7.89464e-05,-1.00001,2.71329e-05,-4.26625e-05,1.08046e-05
6.66234,0.520983,0.01181,0.205175,-0.000105953,4.67862e-05,-0.999966,2.34914e-05,-4.30689e-05,1.14284e-05
6.67948,0.520971,0.0119255,0.205165,-5.16715e-05,8.19035e-05,-1.00002,2.32065e-05,-4.77319e-05,1.1286e-05
6.70125,0.520961,0.0120185,0.205157,-0.000106204,5.0138e-05,-0.999966,2.91015e-05,-3.8988e-05,1.17855e-05
6.71978,0.520952,0.012111,0.205148,-4.89146e-05,7.24457e-05,-1.00002,1.0178e-05,-5.99924e-05,1.19843e-05
6.74156,0.520943,0.0122054,0.20514,-8.76621e-05,6.90461e-05,-0.999984,3.82503e-05,-3.3191e-05,1.18769e-05
6.7603,0.520936,0.0122878,0.205132,-8.67621e-05,4.92947e-05,-0.999983,1.38575e-05,-5.46237e-05,1.25816e-05
6.7794,0.520924,0.0124252,0.20512,-7.44863e-05,7.72721e-05,-0.999995,3.85534e-05,-3.48645e-05,1.22684e-05
6.79961,0.520916,0.0125241,0.205111,-8.42928e-05,5.02488e-05,-0.999984,1.43329e-05,-5.52844e-05,1.30854e-05
6.82371,0.520909,0.0126224,0.205102,-4.13242e-05,9.0276e-05,-1.00002,2.79296e-05,-4.7386e-05,1.269e-05
6.84055,0.520901,0.0127241,0.205093,-0.000101248,5.12591e-05,-0.999968,3.03584e-05,-4.10793e-05,1.33136e-05
6.86005,0.520895,0.0128107,0.205085,-4.60197e-05,7.25173e-05,-1.00002,1.12979e-05,-6.19459e-05,1.35207e-05
6.88404,0.520886,0.0129434,0.205073,-9.15529e-05,6.43967e-05,-0.999976,3.93632e-05,-3.50596e-05,1.3548e-05
6.89976,0.52088,0.0130478,0.205063,-5.37839e-05,6.63519e-05,-1.00001,1.14289e-05,-6.21085e-05,1.41052e-05
6.92077,0.520874,0.0131529,0.205053,-5.49201e-05,8.92381e-05,-1.00001,4.01418e-05,-3.81654e-05,1.37282e-05
6.93898,0.520866,0.0132761,0.205042,-7.65891e-05,5.36343e-05,-0.99999,1.60075e-05,-5.72808e-05,1.4674e-05
6.96059,0.52086,0.0133992,0.20503,-4.02027e-05,9.66293e-05,-1.00002,3.79088e-05,-4.22806e-05,1.42173e-05
6.98238,0.520855,0.0134943,0.205021,-9.65507e-05,5.23921e-05,-0.999971,3.17617e-05,-4.33188e-05,1.49663e-05
6.99908,0.52085,0.0136045,0.205011,-2.56448e-05,8.96324e-05,-1.00003,1.84719e-05,-6.06071e-05,1.49917e-05
7.01914,0.520845,0.0137172,0.205,-7.65599e-05,7.5727e-05,-0.999987,4.41865e-05,-3.54348e-05,1.50676e-05
7.03902,0.52084,0.0138472,0.204988,-4.29641e-05,7.3479e-05,-1.00002,1.46479e-05,-6.32916e-05,1.57395e-05
7.06027,0.520835,0.0139788,0.204975,-6.15558e-05,8.65677e-05,-0.999999,4.58989e-05,-3.63271e-05,1.55066e-05
7.08042,0.520832,0.0140795,0.204965,-8.07955e-05,5.26822e-05,-0.999984,2.20215e-05,-5.49588e-05,1.63524e-05
7.1019,0.520827,0.0142475,0.204949,-4.48719e-05,9.72402e-05,-1.00001,4.59694e-05,-3.87717e-05,1.59824e-05
7.119,0.520823,0.0143682,0.204937,-7.8436e-05,5.37919e-05,-0.999986,2.26601e-05,-5.57206e-05,1.69597e-05
7.14025,0.52082,0.0144884,0.204925,-1.00628e-05,0.000110876,-1.00004,3.43763e-05,-5.22193e-05,1.65083e-05
7.16093,0.520817,0.0146122,0.204913,-8.94982e-05,5.95861e-05,-0.999974,3.9477e-05,-4.19804e-05,1.72316e-05
7.18188,0.520815,0.0147356,0.204901,-1.78329e-05,9.3154e-05,-1.00004,2.08429e-05,-6.36343e-05,1.74048e-05
7.19931,0.520812,0.0148796,0.204887,-7.04575e-05,7.93136e-05,-0.999989,4.82985e-05,-3.74251e-05,1.75211e-05
7.2217,0.52081,0.0150431,0.20487,-1.33848e-05,9.65986e-05,-1.00004,2.24407e-05,-6.38703e-05,1.80232e-05
7.24329,0.520808,0.0151536,0.204859,-3.78708e-05,0.000102868,-1.00002,5.04935e-05,-3.9472e-05,1.78597e-05
7.26173,0.520806,0.0152848,0.204846,-7.09509e-05,5.7711e-05,-0.999991,2.48641e-05,-5.80097e-05,1.88818e-05
7.27942,0.520806,0.0153967,0.204834,4.45841e-06,0.000117929,-1.00005,3.42559e-05,-5.71631e-05,1.84369e-05
7.30136,0.520804,0.0155309,0.20482,-7.94234e-05,6.95867e-05,-0.999981,4.66985e-05,-4.0681e-05,1.90489e-05
7.31907,0.520804,0.0156843,0.204804,-4.13647e-06,0.000103863,-1.00004,2.58241e-05,-6.43361e-05,1.93146e-05
7.34069,0.520803,0.015821,0.20479,-5.08896e-05,9.42819e-05,-1,5.36196e-05,-3.86706e-05,1.93709e-05
7.35955,0.520803,0.0159791,0.204774,-3.12663e-05,8.15114e-05,-1.00002,2.29149e-05,-6.54744e-05,2.02036e-05
7.38176,0.520803,0.0161184,0.204759,-1.39601e-05,0.000118683,-1.00003,5.32348e-05,-4.32791e-05,1.97903e-05
7.39945,0.520803,0.0162608,0.204744,-7.56218e-05,5.7428e-05,-0.999986,3.192e-05,-5.56726e-05,2.09141e-05
7.42113,0.520805,0.0164439,0.204724,4.00724e-06,0.000128618,-1.00005,5.13906e-05,-4.75813e-05,2.04322e-05
7.43989,0.520805,0.016611,0.204706,-7.33913e-05,5.86887e-05,-0.999988,3.27884e-05,-5.64966e-05,2.16538e-05
7.46004,0.520807,0.0167568,0.204691,2.28541e-05,0.00013338,-1.00006,4.25283e-05,-5.74158e-05,2.11849e-05
7.47927,0.520808,0.016928,0.204672,-8.10007e-05,6.272e-05,-0.999979,4.48885e-05,-4.75906e-05,2.21682e-05
7.499,0.52081,0.0170349,0.20466,-1.81814e-05,9.12151e-05,-1.00003,2.731e-05,-6.69618e-05,2.23729e-05
7.52261,0.520812,0.0172083,0.204641,-2.54714e-05,0.000112952,-1.00002,6.00341e-05,-4.14373e-05,2.21709e-05
7.54193,0.520814,0.0173626,0.204624,-5.34458e-05,6.87368e-05,-1,3.07847e-05,-6.25086e-05,2.32345e-05
7.55908,0.520816,0.0174725,0.204612,3.04838e-05,0.000135138,-1.00007,4.09236e-05,-6.20372e-05,2.27761e-05
7.58118,0.52082,0.017698,0.204586,-7.60863e-05,6.06642e-05,-0.999984,4.08907e-05,-5.40686e-05,2.39108e-05
7.5989,0.520822,0.0178108,0.204574,1.11449e-05,0.000114278,-1.00005,3.31778e-05,-6.76598e-05,2.38103e-05
7.62267,0.520826,0.0179713,0.204555,-2.18643e-05,0.00011593,-1.00002,6.3393e-05,-4.22322e-05,2.37938e-05
7.64056,0.520829,0.0181341,0.204537,-4.66026e-05,7.35335e-05,-1.00001,3.32814e-05,-6.39486e-05,2.48568e-05
7.66137,0.520832,0.0182736,0.204521,4.224e-05,0.000149652,-1.00007,5.16442e-05,-5.77439e-05,2.42978e-05
7.68278,0.520836,0.0184642,0.204499,-7.60836e-05,6.52657e-05,-0.999982,4.87741e-05,-5.09347e-05,2.54631e-05
7.69891,0.520842,0.0186549,0.204476,4.67607e-05,0.000148556,-1.00008,4.79005e-05,-6.23975e-05,2.52073e-05
7.72029,0.520846,0.0188256,0.204456,-5.86895e-05,8.63741e-05,-0.999993,6.10803e-05,-4.44004e-05,2.59583e-05
7.74032,0.520851,0.0190214,0.204433,2.80942e-05,0.000127733,-1.00006,3.94398e-05,-6.85807e-05,2.63115e-05
7.76026,0.520856,0.0191955,0.204412,-1.69828e-05,0.000120027,-1.00002,6.86381e-05,-4.35179e-05,2.64237e-05
7.78186,0.52086,0.0193467,0.204394,-5.48942e-05,7.09178e-05,-1,4.05682e-05,-6.20904e-05,2.74618e-05
7.80023,0.520866,0.0195734,0.204369,-6.81052e-05,0.000105106,-1.00009,6.1482e-05,-7.03459e-05,2.78476e-05
7.81975,0.520857,0.0197463,0.204375,-0.000349976,0.000156663,-0.999986,5.61823e-05,-0.000107498,2.98592e-05
7.84249,0.520846,0.0199351,0.204394,-0.000217046,0.000176491,-1.00005,6.42185e-05,-8.58381e-05,3.10693e-05
7.85945,0.520831,0.0201255,0.204417,-0.000222134,0.000109632,-0.999947,5.51187e-05,-6.72024e-05,3.259e-05
7.88041,0.520822,0.020263,0.204434,-9.87676e-05,0.000140259,-1.00001,4.59122e-05,-6.56566e-05,3.27526e-05
7.90113,0.520804,0.0204936,0.204462,-0.000133064,9.66536e-05,-0.999923,5.88541e-05,-4.0429e-05,3.32051e-05
7.92079,0.520794,0.0206498,0.204481,-1.09093e-05,0.000110468,-1,4.20594e-05,-4.58494e-05,3.31298e-05
7.93948,0.520784,0.0207839,0.204496,-5.09497e-05,0.00011042,-0.999961,6.92982e-05,-2.4556e-05,3.27934e-05
7.95977,0.520769,0.0209825,0.204519,-9.66307e-06,0.000113502,-0.999966,3.89826e-05,-4.27605e-05,3.2842e-05
7.97985,0.520759,0.0211117,0.204534,-1.62348e-05,0.000128095,-0.999979,6.55792e-05,-2.41041e-05,3.22372e-05
8.00423,0.520745,0.0212855,0.204553,-3.84317e-05,9.33295e-05,-0.999925,4.42319e-05,-3.39031e-05,3.24459e-05
8.0192,0.520737,0.0214106,0.204567,1.13676e-05,0.000118676,-0.999994,4.80955e-05,-3.17617e-05,3.18957e-05
8.03897,0.520726,0.0215376,0.204581,-5.1876e-05,0.000100274,-0.999934,6.71114e-05,-1.69045e-05,3.16571e-05
8.05938,0.520712,0.0217233,0.204601,1.66231e-05,0.000108021,-0.999982,3.81688e-05,-3.57613e-05,3.1427e-05
8.07997,0.520699,0.021887,0.204619,-4.97687e-05,9.49957e-05,-0.999934,6.53757e-05,-1.57986e-05,3.09584e-05
8.09939,0.520688,0.022028,0.204634,6.31855e-06,0.000101256,-0.999959,3.52747e-05,-3.64405e-05,3.08667e-05
8.11904,0.520676,0.0221858,0.204651,-2.66558e-05,0.000106759,-0.999961,6.53428e-05,-1.58258e-05,3.01766e-05
8.13995,0.520666,0.0223051,0.204663,-3.32224e-05,8.54108e-05,-0.999925,4.3949e-05,-2.83041e-05,3.03058e-05
8.16559,0.520653,0.0224769,0.204681,-6.09425e-06,0.000107445,-0.999986,5.73818e-05,-1.98769e-05,2.95445e-05
8.17922,0.520643,0.0225935,0.204693,-5.29441e-05,7.97091e-05,-0.999921,5.33464e-05,-2.03211e-05,2.95991e-05
8.1989,0.520633,0.0227239,0.204706,1.53001e-05,9.88745e-05,-0.99999,3.55835e-05,-3.29226e-05,2.9235e-05
8.22381,0.520617,0.0229112,0.204725,-5.06877e-05,7.83791e-05,-0.999923,5.16237e-05,-2.05279e-05,2.88929e-05
8.24047,0.520609,0.0230197,0.204736,1.5233e-05,9.57106e-05,-0.999983,3.21264e-05,-3.43959e-05,2.86168e-05
8.26162,0.520599,0.0231461,0.204749,-3.56569e-05,9.32173e-05,-0.999959,6.19717e-05,-1.39746e-05,2.81038e-05
8.27913,0.520588,0.0232724,0.204761,-6.01875e-06,8.86922e-05,-0.999947,3.45211e-05,-3.2332e-05,2.8121e-05
8.29965,0.520579,0.0233937,0.204773,-8.18495e-06,9.35859e-05,-0.999993,5.00074e-05,-2.05954e-05,2.75687e-05
8.31923,0.520568,0.0235178,0.204785,-4.5686e-05,7.60235e-05,-0.999927,4.82246e-05,-2.10892e-05,2.75307e-05
8.33988,0.520558,0.023653,0.204798,3.88668e-06,8.75935e-05,-0.999999,3.79171e-05,-2.7222e-05,2.70952e-05
8.36068,0.520549,0.0237558,0.204808,-4.93814e-05,8.06602e-05,-0.999945,5.90866e-05,-1.32784e-05,2.68177e-05
8.37955,0.520537,0.0239056,0.204823,1.28508e-05,8.65679e-05,-0.99999,2.94084e-05,-3.27002e-05,2.66052e-05
8.40069,0.520529,0.0240042,0.204832,-3.43956e-05,8.46942e-05,-0.999969,5.73894e-05,-1.37693e-05,2.61771e-05
8.41904,0.520521,0.0240875,0.20484,-4.02496e-05,7.42712e-05,-0.999932,4.49361e-05,-2.17963e-05,2.62343e-05
8.44023,0.52051,0.0242301,0.204853,-1.05908e-05,8.02171e-05,-0.999998,4.26582e-05,-2.17572e-05,2.57353e-05
8.45907,0.5205,0.0243432,0.204864,-4.81286e-05,7.14021e-05,-0.999933,4.87526e-05,-1.82176e-05,2.56117e-05
8.47982,0.520488,0.0244971,0.204878,-1.41543e-05,7.63394e-05,-0.999997,4.22394e-05,-2.09634e-05,2.51259e-05
8.49937,0.520478,0.0246068,0.204888,-4.62363e-05,7.02307e-05,-0.999934,4.72028e-05,-1.85607e-05,2.50063e-05
8.51936,0.520469,0.024726,0.204899,1.13328e-07,7.35683e-05,-1,3.08632e-05,-2.77687e-05,2.46833e-05
8.54121,0.520456,0.024862,0.204911,-4.42002e-05,6.92184e-05,-0.999935,4.56728e-05,-1.89395e-05,2.44154e-05
8.55917,0.520448,0.0249631,0.204921,5.8767e-06,7.33095e-05,-0.999998,2.64841e-05,-3.03956e-05,2.41587e-05
8.58081,0.520438,0.0250798,0.204931,-5.38268e-05,6.71222e-05,-0.999944,5.26712e-05,-1.31924e-05,2.38224e-05
8.60082,0.520428,0.0252068,0.204942,3.55716e-06,6.98625e-05,-0.999999,2.58728e-05,-2.98135e-05,2.35856e-05
8.62031,0.520418,0.0253198,0.204952,-5.40573e-05,6.50288e-05,-0.999944,5.14098e-05,-1.33248e-05,2.32656e-05
8.64191,0.52041,0.0254161,0.204961,1.34426e-05,7.65742e-05,-0.999985,2.24241e-05,-3.33252e-05,2.31145e-05
8.66107,0.520402,0.0255104,0.204969,-4.43412e-05,6.43896e-05,-0.999974,5.02915e-05,-1.26914e-05,2.27332e-05
8.67977,0.520394,0.0255929,0.204976,-2.26251e-05,7.14217e-05,-0.999945,3.57024e-05,-2.45051e-05,2.27088e-05
8.704,0.520384,0.025723,0.204988,-4.0145e-05,6.00015e-05,-0.999984,4.58217e-05,-1.43977e-05,2.22417e-05
8.72136,0.520376,0.0258032,0.204994,-3.49157e-05,6.65065e-05,-0.999942,3.97454e-05,-2.07593e-05,2.21891e-05
8.74222,0.520371,0.0258665,0.205,1.22689e-05,7.14936e-05,-0.999989,2.06031e-05,-3.29084e-05,2.20286e-05
8.76092,0.520363,0.0259679,0.205009,-5.46317e-05,5.90226e-05,-0.999961,5.07826e-05,-1.12716e-05,2.16667e-05
8.77957,0.520356,0.0260321,0.205014,-1.67885e-05,7.09005e-05,-0.99995,3.28301e-05,-2.55293e-05,2.16432e-05
8.80068,0.520349,0.0261288,0.205022,-2.98947e-05,5.07396e-05,-0.999999,3.42136e-05,-1.97786e-05,2.13236e-05
8.81957,0.52034,0.0262287,0.20503,-2.98047e-05,6.57786e-05,-0.999946,3.68961e-05,-2.18152e-05,2.11525e-05
8.8422,0.520334,0.0263107,0.205037,-1.06946e-05,5.23146e-05,-1,2.34928e-05,-2.68989e-05,2.09257e-05
8.86362,0.520324,0.0264069,0.205045,-5.21618e-05,5.73246e-05,-0.999945,4.51871e-05,-1.46437e-05,2.06692e-05
8.87963,0.520319,0.0264652,0.20505,1.1625e-05,7.35975e-05,-0.999975,2.11483e-05,-3.24359e-05,2.05591e-05
8.902,0.520314,0.0265441,0.205057,-4.5664e-05,4.58167e-05,-0.999989,3.95359e-05,-1.51616e-05,2.02752e-05
8.91939,0.520304,0.0266372,0.205064,-8.52609e-06,7.01575e-05,-0.999957,2.87135e-05,-2.7106e-05,2.01361e-05
8.93994,0.520299,0.0267132,0.205071,-2.98608e-05,4.16488e-05,-1,2.79006e-05,-2.17974e-05,1.99044e-05
8.96049,0.52029,0.0268034,0.205078,-3.76145e-05,5.98752e-05,-0.999947,3.80987e-05,-1.92424e-05,1.97029e-05
8.98046,0.520284,0.026888,0.205085,-2.07793e-05,4.18737e-05,-1,2.25675e-05,-2.5174e-05,1.94776e-05
9.00197,0.520278,0.026953,0.20509,-6.14886e-05,4.83949e-05,-0.999956,4.66286e-05,-1.1215e-05,1.9254e-05
9.02143,0.520271,0.0270271,0.205096,1.35801e-05,6.88265e-05,-0.999982,1.79293e-05,-3.29382e-05,1.91225e-05
9.03948,0.520267,0.0270877,0.205101,-4.73919e-05,3.52938e-05,-0.999994,3.34393e-05,-1.68666e-05,1.8926e-05
9.05954,0.520258,0.0271718,0.205107,-1.66681e-05,6.49825e-05,-0.999955,3.01079e-05,-2.47151e-05,1.87594e-05
9.08063,0.520253,0.0272499,0.205114,-4.06474e-05,3.2099e-05,-0.999999,2.75187e-05,-2.00449e-05,1.85263e-05
9.09985,0.520246,0.0273212,0.205119,-4.58435e-05,5.35892e-05,-0.999948,3.909e-05,-1.68905e-05,1.83506e-05
9.12116,0.52024,0.0273974,0.205125,-1.6879e-05,3.82473e-05,-1,1.76689e-05,-2.73874e-05,1.81555e-05
9.13997,0.520232,0.0274753,0.205131,-5.6139e-05,4.80641e-05,-0.99995,4.17972e-05,-1.39778e-05,1.7925e-05
9.15985,0.520228,0.0275226,0.205135,1.18828e-05,6.7836e-05,-0.999979,1.80341e-05,-3.22652e-05,1.78099e-05
9.18146,0.520222,0.0276048,0.205141,-6.69896e-05,3.46541e-05,-0.999971,4.19788e-05,-1.10891e-05,1.75387e-05
9.20108,0.520215,0.0276791,0.205147,1.26047e-05,6.6489e-05,-0.999981,1.69721e-05,-3.25605e-05,1.73813e-05
9.22131,0.520211,0.02774,0.205152,-6.03526e-05,2.48724e-05,-0.999989,3.31095e-05,-1.49811e-05,1.71952e-05
9.24015,0.520203,0.0278127,0.205157,-6.81615e-06,6.45888e-05,-0.999963,2.50311e-05,-2.71426e-05,1.70255e-05
9.2619,0.520199,0.0278712,0.205161,-4.24783e-05,2.22621e-05,-1,2.16846e-05,-2.18835e-05,1.68628e-05
9.2795,0.520192,0.0279414,0.205167,-3.8416e-05,5.27736e-05,-0.999952,3.4307e-05,-1.91962e-05,1.66661e-05
9.30206,0.520188,0.0280064,0.205172,-3.10696e-05,2.47193e-05,-1,1.67519e-05,-2.54424e-05,1.64842e-05
9.31907,0.520184,0.0280481,0.205175,-7.23176e-05,2.96185e-05,-0.999967,4.07447e-05,-1.08178e-05,1.63204e-05
9.34167,0.520177,0.0281293,0.205181,-2.23377e-06,4.21738e-05,-1,1.13682e-05,-3.17442e-05,1.61134e-05
9.35935,0.520173,0.0281765,0.205184,-7.3224e-05,2.29068e-05,-0.999975,3.74884e-05,-1.16934e-05,1.59569e-05
9.38158,0.520167,0.0282407,0.205189,1.02378e-05,6.44138e-05,-0.999979,1.66936e-05,-3.19831e-05,1.57836e-05
9.39932,0.520163,0.0283001,0.205193,-7.18496e-05,1.63119e-05,-0.999983,3.28977e-05,-1.35192e-05,1.56069e-05
9.42,0.520157,0.0283624,0.205198,1.44665e-06,6.36218e-05,-0.999971,2.02845e-05,-2.95134e-05,1.54293e-05
9.44109,0.520153,0.0284193,0.205202,-6.77709e-05,1.09291e-05,-0.99999,2.74467e-05,-1.61578e-05,1.52652e-05
9.46121,0.520147,0.0284795,0.205207,-1.17654e-05,5.96842e-05,-0.999964,2.43548e-05,-2.62173e-05,1.50827e-05
9.48048,0.520145,0.0285069,0.205209,3.62955e-06,4.51301e-05,-0.999999,9.64165e-06,-3.32142e-05,1.49742e-05
9.50042,0.520139,0.0285776,0.205214,-6.04196e-05,3.82446e-05,-0.999953,3.69375e-05,-1.45613e-05,1.47792e-05
9.51925,0.520135,0.028625,0.205217,1.36918e-06,4.21777e-05,-1,9.02139e-06,-3.31192e-05,1.46051e-05
9.53996,0.520132,0.0286717,0.20522,-8.0697e-05,1.71688e-05,-0.999969,3.65581e-05,-1.12158e-05,1.44686e-05
9.56064,0.520126,0.0287321,0.205225,9.71921e-06,5.12639e-05,-0.999995,9.67321e-06,-3.41202e-05,1.42559e-05
9.58007,0.520124,0.0287696,0.205228,-7.66799e-05,4.83373e-06,-0.999986,2.76234e-05,-1.50442e-05,1.41729e-05
9.60282,0.520118,0.0288289,0.205232,7.33514e-06,6.14582e-05,-0.999979,1.58869e-05,-3.1707e-05,1.39518e-05
9.61998,0.520116,0.0288642,0.205234,-5.72149e-05,3.10192e-06,-1,1.64402e-05,-2.21203e-05,1.38713e-05
9.63979,0.520111,0.0289089,0.205237,-5.67602e-05,3.81193e-05,-0.999954,3.41433e-05,-1.61631e-05,1.37151e-05
9.6598,0.520107,0.028967,0.205242,-6.08976e-05,3.38642e-07,-0.999999,1.65069e-05,-2.16704e-05,1.35256e-05
9.68086,0.520103,0.0290099,0.205244,-5.52857e-05,3.82757e-05,-0.999955,3.31991e-05,-1.67505e-05,1.33725e-05
9.70058,0.5201,0.0290544,0.205248,-2.82618e-05,1.54562e-05,-1,8.36389e-06,-2.94014e-05,1.31964e-05
9.71921,0.520096,0.0291003,0.205251,-6.89543e-05,2.96994e-05,-0.999955,3.52206e-05,-1.40156e-05,1.30534e-05
9.7415,0.520093,0.0291334,0.205253,1.08201e-05,5.23447e-05,-0.999993,9.07797e-06,-3.46372e-05,1.28828e-05
9.75977,0.520091,0.0291697,0.205256,-8.70889e-05,-1.64267e-06,-0.99998,2.78952e-05,-1.38904e-05,1.28072e-05
9.77903,0.520087,0.0292089,0.205258,-1.39896e-05,5.51577e-05,-0.999968,2.17435e-05,-2.67851e-05,1.26467e-05
9.80074,0.520085,0.0292431,0.205261,-5.53624e-05,-1.97347e-06,-1,1.17332e-05,-2.4588e-05,1.25326e-05
9.82049,0.52008,0.0292907,0.205264,-3.08641e-05,4.82583e-05,-0.999962,2.58082e-05,-2.3025e-05,1.23504e-05
9.8392,0.520079,0.02931,0.205265,8.69828e-06,4.80546e-05,-0.999996,7.47052e-06,-3.50612e-05,1.22197e-05
9.86465,0.520077,0.0293428,0.205268,-9.15996e-05,-4.17587e-06,-0.999977,2.80134e-05,-1.34638e-05,1.21587e-05
9.88036,0.520074,0.0293736,0.20527,-2.86603e-05,4.87479e-05,-0.999963,2.47537e-05,-2.3766e-05,1.2027e-05
9.89933,0.520072,0.0294046,0.205272,-4.36012e-05,2.05969e-06,-1,7.74559e-06,-2.79656e-05,1.18898e-05
9.92056,0.520069,0.0294379,0.205274,-7.89774e-05,2.06414e-05,-0.999957,3.4017e-05,-1.32868e-05,1.17797e-05
9.93928,0.520066,0.0294734,0.205277,-7.53596e-06,2.87196e-05,-1,4.56754e-06,-3.41485e-05,1.15681e-05
9.96096,0.520064,0.0295037,0.205279,-9.47292e-05,1.88728e-06,-0.999966,3.18212e-05,-1.18817e-05,1.15074e-05
9.97959,0.520061,0.0295429,0.205281,3.8668e-06,4.06938e-05,-1,5.29037e-06,-3.55064e-05,1.1264e-05
9.99963,0.52006,0.0295666,0.205283,-9.39959e-05,-1.34957e-05,-0.999982,2.31675e-05,-1.54044e-05,1.12452e-05
10.0217,0.520056,0.0295973,0.205285,-2.21244e-05,5.0221e-05,-0.999967,2.16163e-05,-2.60256e-05,1.10836e-05
10.0404,0.520055,0.0296231,0.205287,-5.54754e-05,-7.54014e-06,-1,7.62531e-06,-2.68305e-05,1.09629e-05
10.0602,0.520053,0.0296473,0.205288,-8.92243e-05,1.08877e-05,-0.999959,3.28014e-05,-1.25972e-05,1.08794e-05
10.0806,0.520051,0.0296746,0.20529,8.3048e-06,4.80599e-05,-0.999996,6.56502e-06,-3.58382e-05,1.06684e-05
10.1004,0.520049,0.0297069,0.205292,-9.74284e-05,7.79985e-07,-0.999963,3.12428e-05,-1.21475e-05,1.06006e-05
10.1217,0.520046,0.0297364,0.205294,7.21752e-06,4.60025e-05,-0.999997,5.77399e-06,-3.61203e-05,1.03659e-05
10.1459,0.520045,0.029763,0.205296,-0.000102153,-9.05024e-06,-0.999969,2.81375e-05,-1.2824e-05,1.03265e-05
10.1591,0.520042,0.0297817,0.205297,-3.59961e-05,4.34395e-05,-0.999964,2.35207e-05,-2.37252e-05,1.02126e-05
10.1815,0.520042,0.0298031,0.205299,-4.59616e-05,-4.24178e-06,-1,4.20047e-06,-2.9907e-05,1.00634e-05
10.2002,0.520039,0.0298301,0.205301,-7.36475e-05,2.25886e-05,-0.999956,3e-05,-1.62396e-05,9.97544e-06
10.219,0.520038,0.0298487,0.205302,4.39835e-06,4.14952e-05,-0.999999,4.27328e-06,-3.66071e-05,9.77233e-06
10.239,0.520036,0.0298753,0.205304,-9.88966e-05,5.83892e-07,-0.99996,3.04858e-05,-1.26886e-05,9.72796e-06
10.2602,0.520034,0.0298968,0.205305,7.27338e-06,5.00359e-05,-0.999993,6.94215e-06,-3.60811e-05,9.5072e-06
10.2823,0.520034,0.0299149,0.205306,-0.000102367,-2.54946e-05,-0.999982,1.87982e-05,-1.69778e-05,9.4967e-06
10.2994,0.520031,0.0299363,0.205308,-2.95908e-05,4.55162e-05,-0.999968,2.05809e-05,-2.60665e-05,9.33809e-06
10.3195,0.520031,0.0299531,0.205309,-5.81311e-05,-1.40723e-05,-1,4.03265e-06,-2.89099e-05,9.2052e-06
10.3404,0.520029,0.0299722,0.20531,-8.66247e-05,1.26709e-05,-0.999957,2.97909e-05,-1.49554e-05,9.14191e-06
10.3608,0.520028,0.0299938,0.205312,-3.92312e-05,-1.72957e-06,-1.00001,1.45938e-06,-3.25798e-05,8.90997e-06
10.38,0.520027,0.0300082,0.205312,-0.000107426,-1.01822e-05,-0.999963,2.78114e-05,-1.30609e-05,8.90237e-06
10.4013,0.520025,0.0300257,0.205314,3.62304e-06,5.21738e-05,-0.999989,8.62829e-06,-3.53967e-05,8.68209e-06
10.4204,0.520025,0.0300393,0.205315,-0.000101158,-3.21464e-05,-0.999986,1.3887e-05,-1.96804e-05,8.66534e-06
10.4406,0.520023,0.0300565,0.205316,-4.47042e-05,3.80148e-05,-0.999964,2.24015e-05,-2.37733e-05,8.52688e-06
10.4612,0.520023,0.030071,0.205317,-7.03463e-05,-2.33415e-05,-1,4.12201e-06,-2.78713e-05,8.37418e-06
10.4798,0.520021,0.0300838,0.205317,-9.86855e-05,2.12689e-06,-0.999957,2.87876e-05,-1.41971e-05,8.33266e-06
10.4998,0.52002,0.0300961,0.205318,3.88541e-06,5.00716e-05,-0.999992,6.83728e-06,-3.64838e-05,8.11931e-06
10.5212,0.52002,0.0301089,0.205319,-0.000113833,-3.00393e-05,-0.999975,1.98526e-05,-1.59699e-05,8.11197e-06
10.5397,0.520018,0.0301213,0.20532,-4.05103e-05,3.97971e-05,-0.999966,2.05664e-05,-2.53646e-05,7.97296e-06
10.5619,0.520019,0.0301341,0.205321,-9.70881e-05,-3.61631e-05,-0.999991,9.12918e-06,-2.27676e-05,7.84615e-06
10.5807,0.520017,0.030147,0.205322,-6.05907e-05,2.92373e-05,-0.999961,2.38228e-05,-2.15856e-05,7.73602e-06
10.5997,0.520017,0.0301552,0.205322,-1.48268e-05,1.87703e-05,-1.00001,-6.07805e-07,-3.75303e-05,7.5214e-06
10.621,0.520016,0.0301662,0.205323,-0.000109511,-8.91686e-06,-0.999959,2.69562e-05,-1.40249e-05,7.54192e-06
10.6399,0.520015,0.0301765,0.205323,2.78213e-06,4.58728e-05,-0.999996,4.28438e-06,-3.79466e-05,7.29026e-06
10.6596,0.520016,0.0301835,0.205324,-0.000114926,-3.83853e-05,-0.999979,1.51815e-05,-1.83664e-05,7.31474e-06
10.6806,0.520013,0.030195,0.205325,-1.46736e-05,4.94958e-05,-0.99998,1.28349e-05,-3.23739e-05,7.1067e-06
10.7006,0.520014,0.0302005,0.205325,-9.01377e-05,-3.70231e-05,-0.999995,4.75353e-06,-2.61337e-05,7.03405e-06
10.7239,0.520012,0.0302115,0.205326,-3.23078e-05,4.3176e-05,-0.999972,1.68568e-05,-2.86313e-05,6.88264e-06
10.7405,0.520013,0.0302155,0.205326,-4.79166e-05,-1.13534e-05,-1.00001,-1.54695e-06,-3.4382e-05,6.72694e-06
10.7604,0.520013,0.0302206,0.205326,-0.000118781,-2.0234e-05,-0.999961,2.43162e-05,-1.44756e-05,6.76366e-06
10.7791,0.520012,0.0302283,0.205327,-9.92928e-06,2.4957e-05,-1,-1.06149e-06,-3.92098e-05,6.45192e-06
10.799,0.520012,0.0302312,0.205327,-0.000121887,-4.06419e-05,-0.999975,1.59279e-05,-1.77995e-05,6.52339e-06
10.8217,0.520011,0.0302376,0.205327,-2.8474e-05,4.46346e-05,-0.999975,1.49918e-05,-3.02821e-05,6.34314e-06
10.8402,0.520012,0.0302398,0.205328,-0.000101345,-4.39261e-05,-0.999991,5.35933e-06,-2.51366e-05,6.24785e-06
10.8601,0.52001,0.0302441,0.205328,-9.20774e-05,8.73743e-06,-0.999957,2.48899e-05,-1.81191e-05,6.19329e-06
10.8811,0.520011,0.0302466,0.205328,-1.55722e-05,1.88079e-05,-1.00001,-2.19594e-06,-3.94461e-05,5.91849e-06
10.8989,0.520011,0.0302481,0.205328,-0.000126151,-3.14565e-05,-0.999964,2.09436e-05,-1.55637e-05,5.99145e-06
10.9204,0.52001,0.0302515,0.205328,-8.81533e-06,4.93372e-05,-0.999987,8.15877e-06,-3.60952e-05,5.75332e-06
10.9452,0.520011,0.0302511,0.205328,-0.00012784,-4.18304e-05,-0.999971,1.6593e-05,-1.74209e-05,5.73963e-06
10.9611,0.520009,0.0302536,0.205328,-4.44434e-05,3.76935e-05,-0.99997,1.69502e-05,-2.80163e-05,5.58712e-06
10.9836,0.52001,0.030252,0.205328,-6.90881e-05,-2.85975e-05,-1,-2.1026e-06,-3.31531e-05,5.41829e-06
10.9999,0.520009,0.0302529,0.205328,-8.79348e-05,1.22424e-05,-0.999958,2.30666e-05,-2.0028e-05,5.40187e-06
11.0192,0.520009,0.0302524,0.205328,-2.89069e-06,4.22901e-05,-0.999999,1.84954e-06,-4.00212e-05,5.16738e-06
11.039,0.52001,0.0302494,0.205328,-0.000131246,-4.20582e-05,-0.999968,1.69688e-05,-1.72811e-05,5.21862e-06
11.0622,0.520009,0.030249,0.205328,-7.15609e-06,4.77933e-05,-0.999992,5.4469e-06,-3.81584e-05,4.94499e-06
11.08,0.520011,0.030245,0.205328,-0.000100747,-4.79239e-05,-0.999993,1.61275e-06,-2.80543e-05,4.92757e-06
11.1037,0.520009,0.0302422,0.205328,-6.9531e-06,4.70035e-05,-0.999993,4.56139e-06,-3.88109e-05,4.67512e-06
11.1217,0.520011,0.0302366,0.205327,-0.000121583,-5.43459e-05,-0.999983,6.87572e-06,-2.33761e-05,4.68985e-06
11.1392,0.52001,0.0302349,0.205327,-8.31023e-05,1.61318e-05,-0.99996,2.10621e-05,-2.21469e-05,4.60759e-06
11.1613,0.520011,0.0302285,0.205327,-6.08315e-05,-2.342e-05,-1,-4.50999e-06,-3.62909e-05,4.34947e-06
11.1791,0.520011,0.0302243,0.205327,-0.00013055,-2.84157e-05,-0.999958,2.09086e-05,-1.63534e-05,4.42291e-06
11.1999,0.52001,0.0302177,0.205326,-1.97409e-05,1.65387e-05,-1.00001,-4.13138e-06,-4.15548e-05,4.06752e-06
11.2189,0.520011,0.0302107,0.205326,-0.000136716,-4.12524e-05,-0.999963,1.75041e-05,-1.72911e-05,4.17272e-06
11.242,0.52001,0.0302068,0.205325,-3.32741e-05,4.2906e-05,-0.999978,1.15262e-05,-3.3135e-05,3.97364e-06
11.2614,0.520012,0.0301966,0.205325,-0.00011578,-5.65974e-05,-0.999988,2.41918e-06,-2.68499e-05,3.88689e-06
11.281,0.520011,0.0301908,0.205324,-7.77564e-05,2.02668e-05,-0.999962,1.88903e-05,-2.44517e-05,3.80481e-06
11.3026,0.520012,0.0301816,0.205324,-4.81774e-05,-1.26404e-05,-1.00001,-6.03086e-06,-3.93863e-05,3.53707e-06
11.3195,0.520012,0.0301722,0.205323,-0.000117604,-9.96065e-06,-0.999955,2.15682e-05,-1.84104e-05,3.60647e-06
11.3398,0.520012,0.0301634,0.205322,-1.3947e-05,2.68217e-05,-1.00001,-3.40813e-06,-4.27863e-05,3.27706e-06
11.3636,0.520013,0.0301514,0.205322,-0.000139666,-3.96341e-05,-0.99996,1.76742e-05,-1.75665e-05,3.37821e-06
11.3804,0.520012,0.0301443,0.205321,-2.87604e-05,4.45279e-05,-0.999983,8.77182e-06,-3.56791e-05,3.15162e-06
11.4003,0.520013,0.0301335,0.20532,-8.27519e-05,-4.07324e-05,-1,-5.01849e-06,-3.51607e-05,3.03181e-06
11.4222,0.520012,0.0301209,0.205319,-7.20975e-05,2.449e-05,-0.999965,1.65663e-05,-2.69146e-05,2.98787e-06
11.4397,0.520013,0.0301101,0.205319,-3.66721e-05,-5.49522e-07,-1.00001,-6.71499e-06,-4.20047e-05,2.71961e-06
11.4611,0.520014,0.0300977,0.205318,-0.000141096,-3.81164e-05,-0.999958,1.76602e-05,-1.78837e-05,2.84045e-06
11.4795,0.520014,0.0300823,0.205317,-2.15812e-05,1.81154e-05,-1.00001,-5.39935e-06,-4.35936e-05,2.45257e-06
11.4994,0.520015,0.0300699,0.205316,-0.000143139,-6.08995e-05,-0.999971,8.96095e-06,-2.18056e-05,2.57627e-06
11.5197,0.520014,0.0300563,0.205315,-2.52972e-05,4.52147e-05,-0.999987,6.00741e-06,-3.81627e-05,2.31252e-06
11.5389,0.520016,0.0300403,0.205314,-0.00011893,-6.22751e-05,-0.999989,-1.15874e-06,-2.97267e-05,2.26178e-06
11.5601,0.520015,0.0300292,0.205313,-0.000112808,-3.00263e-06,-0.999956,1.92595e-05,-2.12469e-05,2.24246e-06
11.5823,0.520016,0.030009,0.205312,-7.41965e-05,-3.47518e-05,-1,-7.47716e-06,-3.8536e-05,1.91723e-06
11.5991,0.520016,0.0299959,0.205311,-0.000142459,-3.52404e-05,-0.999956,1.74299e-05,-1.85658e-05,2.01711e-06
11.6197,0.520015,0.029981,0.20531,-1.50251e-05,4.10972e-05,-0.999999,-4.67105e-07,-4.3017e-05,1.68099e-06
11.6397,0.520017,0.0299628,0.205309,-0.000141795,-6.76119e-05,-0.999976,4.33446e-06,-2.49052e-05,1.74055e-06
11.6603,0.520016,0.0299478,0.205308,-6.25754e-05,3.12408e-05,-0.999971,1.23969e-05,-3.12849e-05,1.57922e-06
11.6821,0.520017,0.0299288,0.205307,-8.32141e-05,-4.18945e-05,-1,-7.78245e-06,-3.81542e-05,1.36194e-06
11.7008,0.520017,0.0299094,0.205305,-0.000108969,1.6764e-06,-0.999957,1.75516e-05,-2.32623e-05,1.3924e-06
11.7195,0.520017,0.0298936,0.205304,-2.19095e-05,2.29853e-05,-1.00001,-5.90918e-06,-4.52964e-05,1.05749e-06
11.7396,0.520017,0.0298662,0.205302,-0.000127901,-1.42936e-05,-0.999954,1.78537e-05,-2.09737e-05,1.14058e-06
11.7606,0.520018,0.0298469,0.205301,-2.44209e-05,2.00998e-05,-1.00001,-6.62358e-06,-4.56268e-05,7.64396e-07
11.7794,0.520019,0.0298257,0.205299,-0.000154957,-6.06371e-05,-0.999963,1.00669e-05,-2.14303e-05,9.02464e-07
11.8004,0.520018,0.0298007,0.205298,-1.90478e-05,3.43195e-05,-1,-3.85981e-06,-4.53044e-05,5.05169e-07
11.8192,0.520019,0.0297809,0.205296,-0.000140644,-7.26657e-05,-0.99998,-3.35593e-08,-2.82262e-05,5.83711e-07
11.8456,0.520018,0.0297583,0.205295,-5.5514e-05,3.58632e-05,-0.999977,8.83376e-06,-3.49284e-05,3.94137e-07
11.8599,0.520019,0.0297414,0.205293,-4.91585e-05,-9.7403e-06,-1.00001,-9.89718e-06,-4.46937e-05,1.61592e-07
11.8804,0.52002,0.0297216,0.205292,-0.000158075,-5.96736e-05,-0.999961,1.02764e-05,-2.14862e-05,3.1754e-07
11.8994,0.520019,0.0296969,0.20529,-2.27664e-05,4.11656e-05,-0.999998,-1.32761e-06,-4.42351e-05,-4.88086e-08
11.9193,0.52002,0.0296717,0.205289,-0.000147199,-7.50264e-05,-0.999977,3.497e-07,-2.78122e-05,-3.28527e-09
11.9403,0.520019,0.0296496,0.205287,-7.63508e-05,2.58675e-05,-0.99997,1.10886e-05,-3.17538e-05,-1.55912e-07
11.9593,0.52002,0.02962,0.205285,-0.000110365,-6.16493e-05,-0.999995,-8.26221e-06,-3.68393e-05,-3.77009e-07
11.9806,0.52002,0.0295994,0.205283,-0.000141766,-2.45998e-05,-0.999953,1.54653e-05,-2.16304e-05,-3.22557e-07
12.0007,0.52002,0.0295705,0.205281,-3.96203e-05,3.81308e-06,-1.00001,-9.9822e-06,-4.69142e-05,-7.5202e-07
12.0212,0.52002,0.0295437,0.205279,-0.000162003,-5.7495e-05,-0.999958,1.04007e-05,-2.17549e-05,-5.92245e-07
12.0397,0.520019,0.0295264,0.205278,-7.28067e-05,2.86636e-05,-0.999972,9.33392e-06,-3.35984e-05,-7.88097e-07
12.0611,0.520021,0.029486,0.205275,-0.000156343,-7.75312e-05,-0.999973,8.81407e-07,-2.72966e-05,-9.17011e-07
12.0794,0.52002,0.0294679,0.205274,-0.000120495,-2.68791e-06,-0.999957,1.40885e-05,-2.55094e-05,-9.93351e-07
12.1,0.520019,0.0294482,0.205273,-2.58151e-05,3.54079e-05,-1,-4.93583e-06,-4.68485e-05,-1.3219e-06
12.1206,0.520021,0.0294144,0.20527,-0.000165579,-6.95976e-05,-0.999962,6.09845e-06,-2.39216e-05,-1.21947e-06
12.1408,0.520019,0.0293873,0.205268,-4.7204e-05,4.03717e-05,-0.999986,3.17877e-06,-4.0438e-05,-1.51499e-06
12.1633,0.520021,0.0293518,0.205266,-0.000148581,-8.02789e-05,-0.99998,-3.91713e-06,-3.11857e-05,-1.57857e-06
12.1822,0.520019,0.0293236,0.205264,-9.2964e-05,1.8329e-05,-0.999967,1.02504e-05,-3.14136e-05,-1.7077e-06
12.2011,0.520019,0.0292967,0.205262,-5.46039e-05,-1.10185e-05,-1.00001,-1.2413e-05,-4.75282e-05,-2.04054e-06
12.2276,0.520019,0.0292613,0.205259,-0.000155388,-3.53597e-05,-0.999952,1.25645e-05,-2.26286e-05,-1.90038e-06
12.2398,0.520018,0.0292488,0.205258,-9.1257e-05,1.99485e-05,-0.999968,9.3949e-06,-3.23268e-05,-2.04698e-06
12.2596,0.520019,0.0292159,0.205256,-8.42677e-05,-4.09181e-05,-1,-1.32562e-05,-4.45127e-05,-2.35545e-06
12.2791,0.520018,0.0291797,0.205253,-0.000137583,-1.44638e-05,-0.999954,1.26256e-05,-2.51155e-05,-2.27748e-06
12.2989,0.520018,0.0291519,0.205251,-3.19809e-05,2.70148e-05,-1.00001,-8.48538e-06,-4.91176e-05,-2.67609e-06
12.3198,0.520019,0.0291126,0.205248,-0.000172341,-6.71727e-05,-0.999958,6.2445e-06,-2.4127e-05,-2.54387e-06
12.3391,0.520017,0.0290702,0.205245,-3.40119e-05,2.45119e-05,-1.00001,-9.3627e-06,-4.96277e-05,-3.02922e-06
12.3593,0.520018,0.0290295,0.205242,-0.000173794,-6.63189e-05,-0.999957,6.21108e-06,-2.42391e-05,-2.89123e-06
12.3814,0.520016,0.0289745,0.205238,-7.1619e-05,-2.68564e-05,-1.00001,-1.46273e-05,-4.78116e-05,-3.41463e-06
12.3998,0.520016,0.0289433,0.205236,-0.000175152,-6.53728e-05,-0.999956,6.14687e-06,-2.43765e-05,-3.24577e-06
12.4237,0.520015,0.0289029,0.205232,-3.52135e-05,3.46368e-05,-1,-7.22849e-06,-4.90438e-05,-3.70202e-06
12.4413,0.520015,0.0288642,0.20523,-0.000168689,-8.63642e-05,-0.999971,-3.33365e-06,-3.01843e-05,-3.61999e-06
12.4611,0.520013,0.0288336,0.205227,-0.00010882,1.16828e-05,-0.999965,8.07414e-06,-3.21147e-05,-3.77299e-06
12.4858,0.520014,0.028783,0.205223,-0.000134785,-7.83014e-05,-0.99999,-1.2277e-05,-3.92545e-05,-4.05969e-06
12.4993,0.520013,0.028756,0.205221,-0.000168917,-4.49414e-05,-0.999951,8.78732e-06,-2.43841e-05,-3.99995e-06
12.5224,0.520012,0.0287057,0.205218,-6.09575e-05,-1.18294e-05,-1.00001,-1.53026e-05,-5.05297e-05,-4.52636e-06
12.5393,0.520011,0.0286599,0.205214,-0.000169115,-4.33185e-05,-0.999951,8.43058e-06,-2.48008e-05,-4.38066e-06
12.5612,0.52001,0.0286077,0.20521,-6.50571e-05,-1.57857e-05,-1.00001,-1.59931e-05,-5.06945e-05,-4.91079e-06
12.5802,0.52001,0.0285717,0.205207,-0.00018262,-7.682e-05,-0.999958,1.62113e-06,-2.68055e-05,-4.73193e-06
12.5992,0.520007,0.0285255,0.205204,-4.37854e-05,3.7758e-05,-1,-6.91321e-06,-4.90473e-05,-5.1843e-06
12.6198,0.520008,0.0284813,0.2052,-0.00016805,-9.15953e-05,-0.999975,-8.19585e-06,-3.39066e-05,-5.15477e-06
12.6399,0.520005,0.0284401,0.205197,-0.000102584,1.85722e-05,-0.99997,4.42695e-06,-3.58595e-05,-5.34585e-06
12.6598,0.520005,0.0283822,0.205193,-0.000152613,-8.82646e-05,-0.999985,-1.27124e-05,-3.84738e-05,-5.59094e-06
12.679,0.520002,0.0283332,0.205189,-0.00010106,2.02005e-05,-0.999972,3.45121e-06,-3.68302e-05,-5.76186e-06
12.7015,0.520002,0.0282606,0.205183,-0.000185617,-8.75184e-05,-0.999962,-3.27756e-06,-2.97505e-05,-5.93918e-06
12.7191,0.519999,0.0282229,0.20518,-9.95655e-05,2.17783e-05,-0.999973,2.45023e-06,-3.78123e-05,-6.18775e-06
12.7401,0.519999,0.0281821,0.205177,-8.26806e-05,-3.216e-05,-1.00001,-1.86814e-05,-5.1153e-05,-6.53155e-06
12.7595,0.519997,0.0281351,0.205173,-0.000182752,-5.48838e-05,-0.99995,4.37778e-06,-2.64298e-05,-6.38342e-06
12.7806,0.519995,0.0280884,0.205169,-4.72337e-05,3.22279e-05,-1.00001,-1.11604e-05,-5.20793e-05,-6.87776e-06
12.7993,0.519994,0.0280251,0.205164,-0.00019086,-7.20853e-05,-0.999953,8.82005e-07,-2.74707e-05,-6.79439e-06
12.8218,0.519991,0.0279776,0.20516,-5.57947e-05,3.80067e-05,-0.999999,-7.91659e-06,-4.95349e-05,-7.24804e-06
12.8391,0.519991,0.0279408,0.205157,-0.000119797,-6.67414e-05,-1,-1.9427e-05,-4.74049e-05,-7.36312e-06
12.8677,0.519987,0.0278705,0.205152,-9.53378e-05,2.61414e-05,-0.999978,-7.0329e-07,-4.08141e-05,-7.52867e-06
12.8815,0.519987,0.0278333,0.205149,-7.25568e-05,-1.62651e-05,-1.00001,-1.95977e-05,-5.3919e-05,-7.85737e-06
12.9011,0.519986,0.0277886,0.205145,-0.000195111,-8.57923e-05,-0.999957,-3.73967e-06,-2.9851e-05,-7.68136e-06
12.9206,0.519982,0.0277307,0.20514,-5.63679e-05,3.65426e-05,-1,-1.02028e-05,-5.12692e-05,-8.17863e-06
12.9395,0.519982,0.0276839,0.205137,-0.000156344,-9.16155e-05,-0.999987,-1.75953e-05,-4.23496e-05,-8.21849e-06
12.9593,0.519979,0.027632,0.205132,-0.000144671,-5.42943e-06,-0.99996,2.66197e-06,-3.31336e-05,-8.31155e-06
12.9808,0.519977,0.0275695,0.205127,-0.000106912,-5.31139e-05,-1.00001,-2.19221e-05,-5.13269e-05,-8.77533e-06
13.0001,0.519975,0.0275227,0.205123,-0.000195858,-6.67121e-05,-0.99995,-3.80545e-07,-2.84593e-05,-8.64053e-06
13.0197,0.519971,0.0274604,0.205118,-5.59023e-05,2.14232e-05,-1.00001,-1.66497e-05,-5.54159e-05,-9.22673e-06
13.0401,0.51997,0.0274031,0.205113,-0.000197521,-9.62886e-05,-0.999962,-9.0255e-06,-3.30837e-05,-9.11006e-06
13.06,0.519967,0.0273562,0.205109,-0.000116028,1.71956e-05,-0.999973,-1.73587e-06,-3.96589e-05,-9.38718e-06
13.0801,0.519965,0.0272892,0.205104,-0.000145131,-8.45645e-05,-0.999994,-2.16501e-05,-4.6818e-05,-9.70917e-06
13.0992,0.519962,0.0272402,0.205099,-0.000184941,-4.23103e-05,-0.99995,7.20651e-07,-2.96757e-05,-9.68318e-06
13.1233,0.519959,0.0271645,0.205093,-9.51057e-05,-3.72712e-05,-1.00001,-2.37763e-05,-5.47628e-05,-1.02877e-05
13.1406,0.519956,0.0271049,0.205088,-0.000198709,-6.18924e-05,-0.999949,-1.77397e-06,-2.94781e-05,-1.01596e-05
13.1593,0.519953,0.0270545,0.205083,-7.00963e-05,3.63728e-05,-1,-1.18869e-05,-5.17323e-05,-1.06308e-05
13.1803,0.51995,0.0269746,0.205077,-0.000205819,-9.543e-05,-0.999958,-9.76779e-06,-3.3113e-05,-1.06505e-05
13.2002,0.519946,0.0269145,0.205071,-8.80085e-05,3.32818e-05,-0.999991,-8.94531e-06,-4.7969e-05,-1.10829e-05
13.2214,0.519944,0.0268503,0.205066,-0.000160259,-9.39847e-05,-0.99999,-2.30248e-05,-4.64081e-05,-1.12714e-05
13.2429,0.519939,0.0267795,0.20506,-0.000137618,6.61638e-06,-0.999968,-3.49029e-06,-3.86404e-05,-1.14521e-05
13.2598,0.519937,0.0267335,0.205056,-6.94541e-05,6.47761e-06,-1.00001,-2.23748e-05,-5.81838e-05,-1.18851e-05
13.2798,0.519934,0.0266588,0.205049,-0.00020988,-7.7261e-05,-0.99995,-6.38822e-06,-3.11344e-05,-1.17708e-05
13.2999,0.519929,0.0265946,0.205043,-7.11998e-05,3.44121e-05,-1,-1.5766e-05,-5.44672e-05,-1.23224e-05
13.3214,0.519926,0.0265173,0.205037,-0.000206939,-0.000104996,-0.999963,-1.54886e-05,-3.67024e-05,-1.2326e-05
13.3408,0.51992,0.0264423,0.20503,-8.64706e-05,3.46014e-05,-0.999996,-1.28703e-05,-5.10084e-05,-1.28205e-05
13.3604,0.519918,0.0263827,0.205025,-0.0001486,-8.48125e-05,-0.999997,-2.71133e-05,-5.09066e-05,-1.30142e-05
13.3807,0.519914,0.0263245,0.205019,-0.000201827,-5.25875e-05,-0.99995,-5.03708e-06,-3.17097e-05,-1.29914e-05
13.4013,0.519909,0.0262455,0.205012,-7.98363e-05,-4.25748e-06,-1.00002,-2.59487e-05,-5.95532e-05,-1.36557e-05
13.42,0.519907,0.0261844,0.205007,-0.000213474,-0.000105058,-0.999961,-1.62707e-05,-3.66494e-05,-1.3519e-05
13.4417,0.5199,0.0260947,0.204999,-7.39107e-05,3.09074e-05,-1.00001,-1.98481e-05,-5.70569e-05,-1.41574e-05
13.4592,0.519897,0.0260212,0.204992,-0.000204655,-0.000111143,-0.99997,-2.13937e-05,-4.08093e-05,-1.41535e-05
13.4804,0.519891,0.0259604,0.204986,-0.000158624,-3.23174e-06,-0.999965,-7.27459e-06,-3.87786e-05,-1.44007e-05
13.4991,0.519887,0.0258754,0.204979,-0.0001363,-7.17063e-05,-1,-3.06512e-05,-5.51542e-05,-1.49028e-05
13.5195,0.519882,0.0258015,0.204972,-0.000202772,-4.6358e-05,-0.999951,-7.60357e-06,-3.33624e-05,-1.48975e-05
13.5414,0.519876,0.0257156,0.204964,-9.17888e-05,-1.61021e-05,-1.00002,-2.96505e-05,-6.06974e-05,-1.55782e-05
13.5603,0.519871,0.0256282,0.204956,-0.000217382,-6.72287e-05,-0.999949,-1.02964e-05,-3.31136e-05,-1.55098e-05
13.5814,0.519865,0.0255519,0.204948,-7.83272e-05,2.58053e-05,-1.00001,-2.41515e-05,-5.94707e-05,-1.61527e-05
13.6011,0.519862,0.0254836,0.204942,-0.000199163,-0.000113094,-0.999978,-2.72832e-05,-4.52856e-05,-1.61496e-05
13.6208,0.519854,0.0253952,0.204934,-0.000128756,2.07617e-05,-0.999983,-1.38415e-05,-4.67824e-05,-1.65489e-05
13.6394,0.519851,0.0253493,0.204929,-8.48272e-05,3.55492e-06,-1.00002,-2.93767e-05,-6.18018e-05,-1.69222e-05
13.6616,0.519843,0.0252342,0.204918,-0.00020308,-3.97264e-05,-0.999953,-1.06574e-05,-3.52377e-05,-1.69819e-05
13.6789,0.519838,0.0251648,0.204912,-8.225e-05,2.15112e-05,-1.00002,-2.71545e-05,-6.09676e-05,-1.75813e-05
13.7026,0.519832,0.0250694,0.204903,-0.000231085,-0.000102061,-0.999954,-1.9596e-05,-3.68761e-05,-1.75582e-05
13.7208,0.519824,0.0249755,0.204893,-8.89293e-05,3.14879e-05,-1.00001,-2.46232e-05,-5.86512e-05,-1.8239e-05
13.739,0.51982,0.0249017,0.204886,-0.000190911,-0.000110318,-0.999986,-3.2981e-05,-4.99528e-05,-1.83318e-05
13.7631,0.51981,0.0247935,0.204876,-0.000126268,2.4944e-05,-0.999989,-1.83982e-05,-4.99383e-05,-1.87898e-05
13.7799,0.519805,0.0247057,0.204867,-0.000169435,-9.55009e-05,-0.999997,-3.63021e-05,-5.4819e-05,-1.91291e-05
13.7992,0.519799,0.0246314,0.20486,-0.000221404,-5.69816e-05,-0.99995,-1.5066e-05,-3.54232e-05,-1.91849e-05
13.8239,0.519789,0.0245048,0.204847,-0.000146447,-7.33454e-05,-1.00001,-3.83007e-05,-5.91448e-05,-1.99444e-05
13.8392,0.519783,0.0244282,0.20484,-0.000234374,-7.83237e-05,-0.999949,-1.8405e-05,-3.56799e-05,-1.99232e-05
13.8606,0.519773,0.0243122,0.204828,-0.000103885,-1.53381e-05,-1.00002,-3.68066e-05,-6.40764e-05,-2.07529e-05
13.8803,0.519766,0.0242198,0.204819,-0.000241128,-9.76259e-05,-0.999952,-2.28146e-05,-3.73606e-05,-2.06987e-05
13.8992,0.519758,0.0241417,0.204811,-0.000124555,2.82476e-05,-0.999995,-2.33558e-05,-5.3079e-05,-2.12436e-05
13.9199,0.519751,0.0240331,0.2048,-0.000211425,-0.000119688,-0.99998,-3.64983e-05,-4.93636e-05,-2.15205e-05
13.9414,0.519739,0.0239127,0.204787,-0.000124191,2.91244e-05,-0.999997,-2.51025e-05,-5.41136e-05,-2.2113e-05
13.9609,0.519734,0.0238291,0.204779,-0.000163496,-8.62155e-05,-1,-4.20358e-05,-5.9085e-05,-2.2443e-05
13.98,0.519721,0.0236914,0.204764,-0.000148541,1.83177e-05,-0.999986,-2.35405e-05,-4.97265e-05,-2.28885e-05
13.9993,0.519714,0.0236061,0.204756,-0.000141095,-6.04942e-05,-1.00001,-4.32901e-05,-6.28501e-05,-2.33496e-05
14.019,0.519707,0.0235207,0.204747,-0.000247751,-9.31436e-05,-0.99995,-2.586e-05,-3.78942e-05,-2.33306e-05
14.0401,0.519696,0.0234069,0.204735,-0.000100485,1.97456e-05,-1.00002,-3.67264e-05,-6.43272e-05,-2.4152e-05
14.0619,0.519688,0.023304,0.204724,-0.000242647,-0.000122882,-0.999964,-3.531e-05,-4.41425e-05,-2.4193e-05
14.0819,0.519676,0.0231881,0.204711,-0.000123821,3.09989e-05,-1,-3.06431e-05,-5.71519e-05,-2.48896e-05
14.0997,0.519669,0.0230977,0.204702,-0.000180902,-9.83917e-05,-1,-4.6043e-05,-5.88481e-05,-2.51896e-05
14.1208,0.519661,0.0230082,0.204692,-0.00024155,-6.56984e-05,-0.999951,-2.55904e-05,-3.79946e-05,-2.53075e-05
14.139,0.519649,0.0228874,0.204679,-0.000113621,-9.94274e-06,-1.00002,-4.41176e-05,-6.67958e-05,-2.61556e-05
14.1603,0.51964,0.0227793,0.204667,-0.000256396,-0.000108576,-0.999954,-3.31756e-05,-4.04889e-05,-2.61718e-05
14.1816,0.519629,0.0226878,0.204657,-0.00014622,2.43374e-05,-0.999994,-3.10271e-05,-5.38035e-05,-2.67654e-05
14.2006,0.519616,0.0225296,0.20464,-0.000254228,-0.000122678,-0.99996,-3.86787e-05,-4.38752e-05,-2.71578e-05
