0,0.554432,-3.17198e-05,0.508136,-0.233807,0.00828618,0.301389,0.00355524,-0.0271096,-2.63218e-05
0.0201011,0.554451,-3.61226e-05,0.508139,-0.230656,0.0241761,0.197507,0.00161624,-0.021263,-1.77313e-05
0.0385463,0.55447,-3.92057e-05,0.508157,-0.183621,0.0351707,0.0820129,0.000208118,-0.0126392,4.60608e-07
0.0588536,0.554482,-3.98488e-05,0.508175,-0.12679,0.0386839,0.00497355,-0.000754807,-0.00593907,1.61341e-05
0.0790763,0.554491,-3.76784e-05,0.508199,-0.0398913,0.0351707,-0.0674174,-0.00172826,0.00155462,3.88831e-05
0.100524,0.554491,-3.14374e-05,0.508217,0.0347324,0.0206036,-0.09164,-0.00195086,0.00587043,4.17775e-05
0.118787,0.554486,-2.46074e-05,0.508224,0.0660182,0.00333652,-0.0790686,-0.00148019,0.00640553,2.63986e-05
0.140302,0.55448,-1.77427e-05,0.508225,0.070165,-0.0147453,-0.0511218,-0.000469897,0.00534134,-4.88059e-06
0.159246,0.554474,-1.16768e-05,0.508221,0.0535794,-0.0308623,-0.0182464,0.000526233,0.00307698,-4.16455e-05
0.18029,0.554471,-8.74761e-06,0.508217,0.0271448,-0.0384747,0.00639386,0.00121689,0.000919689,-6.63542e-05
0.199709,0.55447,-9.5293e-06,0.508213,0.0036982,-0.0356908,0.0185118,0.00128216,-0.000599037,-7.17575e-05
0.219249,0.554471,-1.38226e-05,0.508211,-0.0112051,-0.0234586,0.0195072,0.000840033,-0.00136575,-5.115e-05
0.238571,0.554472,-1.97024e-05,0.508211,-0.0164262,-0.00735747,0.0150237,0.000306673,-0.00133683,-2.13158e-05
0.260401,0.554473,-2.68541e-05,0.508212,-0.0149335,0.0116117,0.00749369,-0.000408915,-0.00105221,1.94862e-05
0.279904,0.554474,-3.2892e-05,0.508214,-0.0102169,0.0268171,0.00130026,-0.00081874,-0.000510429,5.32617e-05
0.300362,0.554475,-3.61881e-05,0.508216,-0.00439307,0.0343461,-0.00245657,-0.0010162,-9.72875e-05,7.01084e-05
0.32,0.554475,-3.60531e-05,0.508218,-0.000335921,0.032615,-0.00361738,-0.000882979,0.00012839,6.93325e-05
0.340251,0.554474,-3.25801e-05,0.508219,0.00187292,0.0224154,-0.0027032,-0.000468691,0.00027823,4.69962e-05
0.360528,0.554474,-2.67983e-05,0.50822,0.00270875,0.0068176,-0.00144049,-4.06449e-05,0.000186159,1.49454e-05
0.378772,0.554474,-2.09664e-05,0.50822,0.0021772,-0.00827192,-0.000105694,0.00043466,0.000177746,-1.74141e-05
0.401758,0.554474,-1.48144e-05,0.508221,0.00178354,-0.0232615,0.00056017,0.000746269,7.41508e-05,-4.98915e-05
0.419408,0.554473,-1.16969e-05,0.508222,0.00113241,-0.0299838,0.00041922,0.000829753,9.37068e-07,-6.26848e-05
0.438744,0.554473,-1.13757e-05,0.508223,0.000945204,-0.0295587,0.000159333,0.000751613,2.92197e-05,-6.31381e-05
0.45926,0.554473,-1.37085e-05,0.508224,0.000731181,-0.0221291,-0.000586389,0.000432295,-2.20479e-05,-4.56918e-05
0.478937,0.554474,-1.83213e-05,0.508225,0.000383116,-0.0092971,-0.000835949,8.997e-05,4.80017e-05,-1.92889e-05
0.499157,0.554473,-2.38745e-05,0.508226,0.000360802,0.0053601,-0.00105742,-0.000353953,-4.96847e-06,1.20384e-05
0.518669,0.554473,-2.89394e-05,0.508226,-0.000289929,0.0179894,-0.000686683,-0.000601511,5.47015e-06,3.9244e-05
0.539054,0.554473,-3.21311e-05,0.508227,-0.000540293,0.0253425,-7.10039e-05,-0.000717583,1.31243e-06,5.32277e-05
0.559285,0.554473,-3.27566e-05,0.508228,-0.000893253,0.0258122,0.000417315,-0.000660734,-6.74534e-05,5.51447e-05
0.579058,0.554473,-3.07341e-05,0.508229,-0.00116625,0.0195489,0.00106574,-0.000366316,-1.97164e-05,4.04677e-05
0.599529,0.554473,-2.66717e-05,0.508229,-0.000791104,0.00848816,0.00109817,-8.2137e-05,-7.1037e-05,1.70628e-05
0.618807,0.554473,-2.17667e-05,0.50823,-0.000667709,-0.00424858,0.0010004,0.000289916,-3.23895e-05,-9.38414e-06
0.638881,0.554473,-1.72417e-05,0.508231,3.53803e-05,-0.0153372,0.000591515,0.000529732,6.89405e-06,-3.38099e-05
0.659848,0.554473,-1.43043e-05,0.508232,0.000550541,-0.0219153,-0.000130146,0.000605572,-7.35648e-06,-4.60439e-05
0.680311,0.554473,-1.36078e-05,0.508233,0.000833072,-0.0225214,-0.000536773,0.000583692,7.57732e-05,-4.78802e-05
0.699104,0.554473,-1.51992e-05,0.508234,0.00122775,-0.0172633,-0.00107413,0.000324194,3.81845e-05,-3.60536e-05
0.720982,0.554473,-1.86079e-05,0.508235,0.000866118,-0.0077423,-0.00112162,7.06512e-05,6.0557e-05,-1.51877e-05
0.738558,0.554473,-2.27824e-05,0.508236,0.000678786,0.00332389,-0.000910096,-0.000230577,5.43715e-05,7.18471e-06
0.758955,0.554473,-2.66542e-05,0.508236,0.000141878,0.0130517,-0.000609482,-0.000469382,-1.21026e-05,2.88562e-05
0.778613,0.554473,-2.91944e-05,0.508237,-0.000475859,0.0189377,8.0723e-05,-0.000517662,1.51928e-05,3.99975e-05
0.798793,0.554473,-2.97758e-05,0.508238,-0.000640201,0.0196378,0.000442459,-0.000512225,-5.72013e-05,4.14331e-05
0.819703,0.554473,-2.83787e-05,0.508239,-0.0010346,0.0152321,0.000855254,-0.000297903,-4.35081e-05,3.21766e-05
0.840985,0.554473,-2.53741e-05,0.508239,-0.000766802,0.00704508,0.000977056,-5.82075e-05,-3.38902e-05,1.36397e-05
0.858589,0.554473,-2.16631e-05,0.50824,-0.000495793,-0.00257157,0.000711419,0.000178254,-5.65247e-05,-5.52707e-06
0.879288,0.554473,-1.8201e-05,0.508241,-0.000152159,-0.0110983,0.00049868,0.000410591,1.90967e-05,-2.43862e-05
0.898715,0.554473,-1.58497e-05,0.508242,0.000496976,-0.0163621,-0.000101631,0.000447318,-4.36573e-06,-3.4863e-05
0.918522,0.554473,-1.52069e-05,0.508243,0.000606716,-0.0171227,-0.000466598,0.000440533,4.20718e-05,-3.57827e-05
0.939001,0.554473,-1.62838e-05,0.508244,0.000921045,-0.0134345,-0.000751335,0.000276703,5.77741e-05,-2.86075e-05
0.959001,0.554473,-1.87704e-05,0.508244,0.000792105,-0.00640285,-0.000940509,4.45954e-05,2.21163e-05,-1.23843e-05
0.979533,0.554473,-2.19167e-05,0.508245,0.00043612,0.00195593,-0.000665316,-0.000140355,5.94918e-05,4.37612e-06
0.998813,0.554472,-2.48549e-05,0.508246,0.000240191,0.00942491,-0.000486949,-0.000354819,-7.48684e-06,2.04503e-05
1.01876,0.554472,-2.68664e-05,0.508247,-0.000370873,0.0141269,-9.72215e-06,-0.000395386,-2.3806e-06,3.0442e-05
1.03929,0.554472,-2.74109e-05,0.508247,-0.000446966,0.0150257,0.000321577,-0.000391799,-2.53823e-05,3.13328e-05
1.05905,0.554472,-2.65869e-05,0.508248,-0.000726859,0.012304,0.00056004,-0.000268069,-5.0639e-05,2.63053e-05
1.07967,0.554472,-2.44775e-05,0.508249,-0.00067932,0.00649177,0.000777533,-6.1931e-05,-1.15062e-05,1.2747e-05
1.09956,0.554472,-2.1693e-05,0.50825,-0.000344237,-0.000732231,0.000548253,9.41131e-05,-5.04054e-05,-1.81641e-06
1.11931,0.554472,-1.89974e-05,0.50825,-0.000215846,-0.00743087,0.000407612,0.000291629,6.36282e-06,-1.60601e-05
1.13935,0.554472,-1.70237e-05,0.508251,0.000330389,-0.0119181,1.7067e-05,0.000342107,8.58938e-06,-2.58289e-05
1.16235,0.554472,-1.6301e-05,0.508252,0.000474906,-0.0130839,-0.000359723,0.000330024,1.24361e-05,-2.71019e-05
1.18009,0.554472,-1.69008e-05,0.508253,0.000623955,-0.0108239,-0.000504527,0.000247747,5.81231e-05,-2.31274e-05
1.19947,0.554472,-1.86138e-05,0.508254,0.000699362,-0.00584946,-0.000733894,5.2463e-05,1.19567e-05,-1.16868e-05
1.21911,0.554472,-2.0953e-05,0.508254,0.000330094,0.000422464,-0.000549096,-7.80076e-05,4.29967e-05,1.4215e-06
1.23946,0.554472,-2.32242e-05,0.508255,0.000243112,0.00628058,-0.00038157,-0.000243427,1.0853e-05,1.33118e-05
1.25975,0.554472,-2.48887e-05,0.508256,-0.000188831,0.0102675,-0.000113396,-0.000308387,-1.56816e-05,2.24491e-05
1.27984,0.554472,-2.54839e-05,0.508257,-0.000410786,0.0113881,0.000280583,-0.000278858,3.69819e-06,2.35972e-05
1.30231,0.554472,-2.50212e-05,0.508257,-0.000462656,0.00982631,0.000357104,-0.000235511,-4.86915e-05,2.1005e-05
1.3204,0.554473,-2.36218e-05,0.508257,0.0110543,0.00634125,-0.113036,-0.000530934,-0.0164622,4.69722e-05
1.33891,0.554495,-1.82646e-05,0.508245,0.256885,0.00493264,-0.78166,-0.0093169,-0.0663261,0.000283582
1.35952,0.554571,-6.33789e-06,0.508182,0.756527,0.00984914,-1.64531,-0.0277871,-0.0738292,0.000578622
1.37946,0.554769,1.61261e-05,0.507953,1.42377,0.0144334,-2.69145,-0.052555,-0.0345816,0.000810462
1.39931,0.555011,3.67017e-05,0.507568,1.86193,0.00523213,-3.33605,-0.0652805,0.0138098,0.00084261
1.41904,0.555339,5.79322e-05,0.506866,2.17638,-0.0241859,-3.68126,-0.0684656,0.0623029,0.000768116
1.43955,0.555705,7.47591e-05,0.505845,2.27937,-0.0679093,-3.58438,-0.0624655,0.0913987,0.000649661
1.45884,0.556095,8.45737e-05,0.504512,2.15258,-0.112367,-3.09496,-0.0508608,0.0965678,0.000516972
1.47925,0.556509,8.43928e-05,0.50291,1.81055,-0.142414,-2.34244,-0.0365806,0.0810861,0.00037557
1.4991,0.55695,7.18858e-05,0.501108,1.31284,-0.146354,-1.49137,-0.0217751,0.0528055,0.000231304
1.51896,0.557423,4.70778e-05,0.499183,0.755602,-0.119173,-0.700656,-0.00869136,0.0200707,0.000106609
1.53926,0.557926,1.30608e-05,0.497204,0.244737,-0.0639532,-0.0964995,0.000655249,-0.0107376,3.71076e-05
1.55854,0.558455,-2.41786e-05,0.495223,-0.128233,0.00835621,0.23539,0.00487096,-0.0362011,4.71148e-05
1.57942,0.559007,-5.69975e-05,0.493267,-0.300433,0.0815021,0.241536,0.00321984,-0.0559353,0.000143502
1.59889,0.559581,-7.77263e-05,0.491336,-0.239113,0.138095,-0.113271,-0.00435113,-0.0713456,0.000309302
1.61939,0.560188,-8.01043e-05,0.489399,0.070107,0.164225,-0.875745,-0.0180297,-0.0872648,0.0005174
1.63916,0.560856,-5.88265e-05,0.487383,0.751164,0.155363,-2.57838,-0.0437045,-0.153493,0.000872774
1.65889,0.561645,-1.01409e-05,0.485159,1.85016,0.116311,-4.36204,-0.0830136,-0.103629,0.0011014
1.67892,0.562538,5.15853e-05,0.482579,2.54976,0.0371155,-5.06546,-0.103783,0.0515239,0.000833689
1.69864,0.563426,0.000102484,0.479572,2.46747,-0.086855,-4.37989,-0.0843167,0.187063,0.000260133
1.71879,0.564197,0.000127553,0.476178,1.83491,-0.225797,-2.72122,-0.0366617,0.215545,-0.000246998
1.74316,0.564831,0.00012574,0.472532,1.10067,-0.323026,-1.12698,0.00673047,0.103524,-0.000455397
1.75852,0.565307,0.000111147,0.469533,0.776658,-0.333658,-0.741188,0.0154777,-0.0587362,-0.000276748
1.77951,0.566073,8.15785e-05,0.465361,0.80293,-0.233373,-1.0264,-0.0124241,-0.152212,0.000253832
1.80039,0.566931,4.16331e-05,0.461512,0.711213,-0.0712375,-1.31025,-0.0383746,-0.0958474,0.000470266
1.8201,0.567859,-1.3039e-05,0.457572,0.393841,0.0906061,-1.34522,-0.0394912,-0.0118534,0.00034676
1.84053,0.568742,-6.90967e-05,0.453518,0.159141,0.207905,-1.3313,-0.0260247,0.0135969,0.000223878
1.85969,0.569539,-0.0001032,0.449337,0.290692,0.26669,-1.6992,-0.0236434,-0.0337704,0.000360455
1.87943,0.570288,-0.000100294,0.445007,0.684188,0.264805,-2.03104,-0.0369996,-0.0389704,0.000604405
1.9001,0.570944,-7.13394e-05,0.440969,0.869154,0.206062,-2.0069,-0.0439063,-0.00914228,0.000615278
1.92004,0.571708,-1.98462e-05,0.435857,0.782408,0.0697185,-1.71233,-0.0343464,0.0104653,0.00030324
1.93884,0.57229,2.51363e-05,0.431546,0.655324,-0.0641226,-1.62267,-0.0226352,-0.0169236,-2.99874e-05
1.96479,0.572964,7.55215e-05,0.426131,0.642965,-0.200898,-1.69832,-0.0202405,-0.0391234,-0.000279635
1.97889,0.573435,0.000101183,0.422093,0.636541,-0.258922,-1.67978,-0.022575,-0.0291928,-0.000365038
1.99941,0.573988,0.000110249,0.416928,0.550252,-0.272306,-1.58641,-0.0224386,-0.0182748,-0.000426756
2.01944,0.574484,9.20503e-05,0.411637,0.471218,-0.220443,-1.66089,-0.0222645,-0.0382831,-0.000411445
2.03956,0.574928,5.50057e-05,0.406216,0.499864,-0.11483,-1.81492,-0.0284249,-0.0438828,-0.000234642
2.06016,0.575313,8.53828e-06,0.400655,0.506015,0.0146159,-1.75501,-0.032765,-0.020797,6.39579e-07
2.07944,0.575618,-3.77187e-05,0.39496,0.433647,0.131448,-1.71707,-0.0311921,-0.0326885,0.000128407
2.09985,0.575857,-6.7171e-05,0.389125,0.466017,0.214176,-2.37293,-0.0428259,-0.103392,0.000138
2.12018,0.576035,-7.34745e-05,0.383126,0.600285,0.239744,-1.55346,-0.0444015,0.0747147,0.000510677
2.13986,0.576037,-7.54086e-05,0.377016,0.190667,0.180339,0.248373,0.00474104,0.156,0.000319241
2.1601,0.575854,-6.37479e-05,0.37091,-0.102053,0.0724129,0.605015,0.0311472,-0.015585,-0.000193114
2.17923,0.575615,-2.78006e-05,0.36487,0.0824773,-0.0338643,1.30023,0.0222618,0.0250529,0.000263882
2.19998,0.57536,7.47146e-07,0.359545,-0.0729448,-0.122641,2.53621,0.0382347,0.109428,0.000405848
2.21995,0.575088,1.23031e-05,0.354954,-0.39981,-0.184265,2.95357,0.0589773,0.0487237,-5.34755e-05
2.23865,0.574732,1.66475e-05,0.349435,-0.492049,-0.20823,2.82649,0.0568508,-0.00238084,-0.000190335
2.25878,0.574386,9.65904e-06,0.344155,-0.454561,-0.169461,2.65402,0.0441245,0.0253396,7.49576e-05
2.27841,0.574025,-1.36534e-05,0.339095,-0.476576,-0.0880907,2.42071,0.0396717,0.0466244,0.000144944
2.29881,0.573621,-4.64795e-05,0.334229,-0.433402,0.012936,2.06368,0.0357336,0.0522094,0.000173789
2.31892,0.573162,-7.69873e-05,0.329524,-0.313456,0.108279,1.68405,0.0292319,0.0491841,0.000299575
2.33911,0.572704,-9.44632e-05,0.325405,-0.197991,0.169599,1.30611,0.0210584,0.0368787,0.000395712
2.35919,0.572267,-9.85542e-05,0.321816,-0.0990411,0.193225,1.04491,0.0144519,0.0374926,0.000487508
2.37863,0.57168,-8.85466e-05,0.317407,-0.0337772,0.175616,0.727486,0.0105928,0.0241468,0.00039824
2.39922,0.571308,-7.47238e-05,0.314794,-0.00394134,0.142327,0.575011,0.00789875,0.0250022,0.00034142
2.42086,0.570716,-4.75329e-05,0.310913,0.0850848,0.0667963,0.780846,0.011867,0.080298,0.000426857
2.44314,0.569981,-1.86405e-05,0.306668,0.160178,-0.0393651,1.58073,0.0352247,0.14824,0.000440475
2.46052,0.569246,1.34269e-06,0.302953,0.174688,-0.130222,2.18555,0.0562558,0.124276,0.000209068
2.47949,0.568412,1.94511e-05,0.298989,0.161866,-0.192193,2.22506,0.0519813,0.0393617,0.000128316
2.50043,0.567634,2.88675e-05,0.295213,0.160907,-0.198561,2.15176,0.0365803,0.0315574,0.000492408
2.51984,0.566913,1.89641e-05,0.291624,0.0844789,-0.156972,2.25358,0.0373365,0.078026,0.000620418
2.54081,0.566205,-9.36393e-06,0.288217,0.0113256,-0.0824403,2.42694,0.0488265,0.113649,0.000514501
2.56134,0.565488,-4.35809e-05,0.284995,-0.00792563,0.00864114,2.34488,0.0518108,0.0896599,0.000412911
2.57982,0.56479,-6.77988e-05,0.281945,-0.0943484,0.0997852,1.42488,0.0278542,-0.025796,0.000205239
2.60103,0.564153,-7.42566e-05,0.279012,-0.0975843,0.167439,0.52517,-0.00612356,-0.0293168,0.00056978
2.61927,0.563654,-7.34427e-05,0.276707,-0.0226667,0.183787,0.523203,-0.00510479,0.0725762,0.000847934
2.6386,0.56303,-7.17968e-05,0.274146,0.157975,0.151677,1.39996,0.0302923,0.213051,0.000947035
2.65896,0.562117,-6.55364e-05,0.271131,0.542826,0.0534142,3.23429,0.0883895,0.306082,0.00102357
2.67939,0.561211,-4.92143e-05,0.268629,0.839578,-0.0582469,4.59472,0.117113,0.238701,0.00105853
2.69898,0.560417,-1.98547e-05,0.266475,0.734207,-0.14796,4.46723,0.0941352,0.0324105,0.000913695
2.71877,0.559895,1.29997e-05,0.264687,0.412712,-0.190508,3.57391,0.0482628,-0.0429036,0.00128028
2.73871,0.559629,2.83136e-05,0.263195,-0.0732346,-0.183216,2.38898,0.02512,-0.0221629,0.000813249
2.75943,0.559485,2.14021e-05,0.261888,-0.468843,-0.12977,1.0834,0.0140967,0.0142691,-5.86563e-05
2.77942,0.55932,6.2197e-07,0.260644,-0.541963,-0.0436343,-0.00304121,0.00291646,0.0463498,-0.000475105
2.79971,0.559076,-2.25977e-05,0.259503,-0.345305,0.0414111,-0.521835,-0.00355699,0.0695121,-0.000385564
2.81878,0.558628,-4.88644e-05,0.25804,0.0580602,0.123738,-0.437376,2.89722e-05,0.0894204,5.83013e-05
2.84045,0.558219,-6.1873e-05,0.25694,0.345576,0.152971,0.0435238,0.00998817,0.0977594,0.000446524
2.85905,0.557718,-6.69175e-05,0.255707,0.580904,0.147836,0.831169,0.0250252,0.101994,0.000825243
2.87906,0.557172,-5.94321e-05,0.254408,0.69708,0.0981708,1.77126,0.041717,0.102767,0.0011005
2.8998,0.556783,-4.52494e-05,0.253472,0.687615,0.0350425,2.42048,0.0527119,0.102628,0.00118261
2.92398,0.556393,-2.22703e-05,0.252481,0.588548,-0.053866,2.98284,0.061919,0.103242,0.00115086
2.94071,0.556146,-2.42304e-06,0.251789,0.462204,-0.123923,3.21759,0.0656275,0.104725,0.0010355
2.95843,0.555996,1.14096e-05,0.251295,0.339094,-0.168438,3.21689,0.0653784,0.105785,0.00090253
2.97841,0.555927,1.57465e-05,0.250975,0.232939,-0.17677,3.00067,0.061155,0.103831,0.000770435
2.99865,0.555938,8.97442e-06,0.250875,0.16872,-0.146344,2.66858,0.0545158,0.0966011,0.000684973
3.01923,0.556015,-7.48441e-06,0.250945,0.0589045,-0.0787612,1.90777,0.041626,0.0303804,0.000296212
3.03942,0.55617,-2.28973e-05,0.251148,-0.193484,0.0128787,0.577586,0.00193817,-0.0544707,4.57678e-05
3.05918,0.556378,-3.61715e-05,0.251395,-0.266468,0.0979129,-0.359773,-0.021032,-0.0263316,0.000162925
3.0798,0.556557,-4.83345e-05,0.251608,-0.279876,0.150525,-0.886353,-0.0203365,0.00928788,-0.000181326
3.09884,0.556647,-5.1969e-05,0.251741,-0.178037,0.159034,-1.07245,-0.0154389,0.0230579,-0.000374816
3.22156,0.556653,-5.11361e-05,0.251756,-0.143902,0.155279,-1.07086,-0.0147508,0.023739,-0.000369835
3.22187,0.556654,-5.05129e-05,0.251762,-0.125697,0.152736,-1.06539,-0.0144265,0.0238924,-0.000361462
3.22431,0.556655,-4.97545e-05,0.251767,-0.106907,0.149759,-1.05687,-0.0141047,0.023937,-0.000349589
4.08481,0.556654,-4.88641e-05,0.251772,-0.0876637,0.14636,-1.04536,-0.0137775,0.0238843,-0.000334689
4.0997,0.556651,-4.67169e-05,0.251777,0.249329,0.00043474,-2.24496,-0.0218461,-0.0410854,-0.000233151
4.10241,0.556649,-4.54782e-05,0.251777,0.24948,0.000435077,-2.24495,-0.0218439,-0.0410729,-0.000233204
4.10422,0.556646,-4.41286e-05,0.251776,0.249632,0.000435436,-2.24494,-0.0218417,-0.0410603,-0.000233264
4.11443,0.556638,-4.10921e-05,0.251768,0.249938,0.000436232,-2.24493,-0.0218372,-0.0410348,-0.000233404
4.11882,0.556634,-3.94021e-05,0.251762,0.250092,0.000436672,-2.24493,-0.0218348,-0.041022,-0.000233484
4.12173,0.556629,-3.75957e-05,0.251754,0.250247,0.000437141,-2.24493,-0.0218325,-0.041009,-0.000233571
4.12361,0.556623,-3.56716e-05,0.251744,0.250404,0.000437638,-2.24493,-0.0218301,-0.040996,-0.000233665
4.12585,0.556617,-3.36294e-05,0.251733,0.250561,0.000438161,-2.24494,-0.0218277,-0.0409829,-0.000233765
4.132,0.55661,-3.14689e-05,0.25172,0.250719,0.00043871,-2.24494,-0.0218252,-0.0409697,-0.000233872
4.13473,0.556603,-2.91905e-05,0.251705,0.250878,0.000439281,-2.24495,-0.0218228,-0.0409564,-0.000233986
4.13732,0.556595,-2.67954e-05,0.251689,0.251038,0.000439873,-2.24496,-0.0218204,-0.040943,-0.000234106
4.14291,0.556587,-2.42849e-05,0.251672,0.251199,0.000440487,-2.24497,-0.0218179,-0.0409296,-0.000234232
4.14753,0.556578,-2.16607e-05,0.251652,0.251361,0.000441122,-2.24499,-0.0218155,-0.0409161,-0.000234365
4.15046,0.556569,-1.89242e-05,0.251631,0.251524,0.000441782,-2.245,-0.0218132,-0.0409026,-0.000234503
4.15214,0.556559,-1.60769e-05,0.251609,0.251688,0.000442468,-2.24502,-0.0218108,-0.040889,-0.000234647
4.1538,0.556549,-1.31196e-05,0.251584,0.251854,0.000443185,-2.24504,-0.0218084,-0.0408753,-0.000234797
4.15561,0.556538,-1.00528e-05,0.251559,0.25202,0.000443937,-2.24506,-0.0218061,-0.0408615,-0.000234953
4.15883,0.556526,-6.87611e-06,0.251531,0.252187,0.000444726,-2.24508,-0.0218037,-0.0408477,-0.000235114
4.16161,0.556514,-3.58887e-06,0.251502,0.252355,0.000445554,-2.24511,-0.0218013,-0.0408337,-0.000235281
4.16435,0.556502,-1.89851e-07,0.251471,0.252524,0.000446421,-2.24514,-0.0217988,-0.0408197,-0.000235455
4.17024,0.556475,6.94937e-06,0.251405,0.252865,0.000448256,-2.24519,-0.0217938,-0.0407914,-0.00023582
4.17371,0.556461,1.06924e-05,0.251369,0.253037,0.000449215,-2.24523,-0.0217913,-0.0407771,-0.000236012
4.17686,0.556446,1.45525e-05,0.251332,0.253209,0.000450193,-2.24526,-0.0217887,-0.0407628,-0.00023621
4.17908,0.556431,1.853e-05,0.251293,0.253383,0.000451184,-2.2453,-0.021786,-0.0407483,-0.000236415
4.18293,0.556415,2.2625e-05,0.251253,0.253557,0.000452183,-2.24534,-0.0217834,-0.0407338,-0.000236626
4.18576,0.556398,2.68365e-05,0.25121,0.253733,0.00045319,-2.24538,-0.0217808,-0.0407191,-0.000236843
4.18744,0.556381,3.11636e-05,0.251167,0.25391,0.000454204,-2.24542,-0.0217781,-0.0407044,-0.000237066
4.18929,0.556364,3.56046e-05,0.251121,0.254087,0.00045523,-2.24546,-0.0217755,-0.0406897,-0.000237295
4.19231,0.556346,4.01578e-05,0.251074,0.254266,0.000456274,-2.24551,-0.0217729,-0.0406748,-0.000237529
4.19537,0.556327,4.48218e-05,0.251026,0.254446,0.000457345,-2.24556,-0.0217703,-0.0406599,-0.000237768
4.19827,0.556308,4.95952e-05,0.250975,0.254627,0.000458451,-2.24561,-0.0217677,-0.0406449,-0.000238012
4.2042,0.556289,5.44772e-05,0.250923,0.254809,0.000459601,-2.24566,-0.0217652,-0.0406299,-0.000238262
4.20713,0.556268,5.94675e-05,0.25087,0.254992,0.000460803,-2.24571,-0.0217626,-0.0406148,-0.000238516
4.20929,0.556248,6.45665e-05,0.250815,0.255176,0.000462058,-2.24577,-0.02176,-0.0405996,-0.000238775
4.21438,0.556227,6.9775e-05,0.250758,0.25536,0.000463367,-2.24582,-0.0217573,-0.0405843,-0.00023904
4.21605,0.556205,7.50943e-05,0.2507,0.255546,0.000464726,-2.24588,-0.0217546,-0.0405689,-0.00023931
4.21829,0.556182,8.05257e-05,0.25064,0.255733,0.000466126,-2.24594,-0.0217519,-0.0405534,-0.000239585
4.22125,0.55616,8.60708e-05,0.250578,0.25592,0.000467557,-2.24601,-0.0217492,-0.0405378,-0.000239866
4.22297,0.556136,9.17307e-05,0.250515,0.256108,0.000469006,-2.24607,-0.0217464,-0.0405222,-0.000240153
4.22472,0.556112,9.75063e-05,0.25045,0.256298,0.000470461,-2.24614,-0.0217435,-0.0405064,-0.000240445
4.22666,0.556088,0.000103398,0.250383,0.256488,0.000471915,-2.24621,-0.0217407,-0.0404906,-0.000240743
4.23074,0.556063,0.000109405,0.250315,0.25668,0.00047336,-2.24628,-0.0217378,-0.0404747,-0.000241047
4.23631,0.556037,0.000115526,0.250245,0.256872,0.000474797,-2.24635,-0.0217349,-0.0404586,-0.000241356
4.23983,0.556011,0.000121761,0.250174,0.257066,0.000476229,-2.24643,-0.0217321,-0.0404426,-0.00024167
4.24289,0.555984,0.000128108,0.250101,0.25726,0.000477667,-2.2465,-0.0217292,-0.0404264,-0.00024199
4.24706,0.555957,0.000134564,0.250026,0.257456,0.000479122,-2.24658,-0.0217264,-0.0404102,-0.000242314
4.24949,0.555929,0.000141129,0.24995,0.257653,0.000480609,-2.24666,-0.0217235,-0.0403939,-0.000242642
4.25225,0.5559,0.000147801,0.249872,0.25785,0.000482143,-2.24675,-0.0217207,-0.0403775,-0.000242975
4.25397,0.555872,0.00015458,0.249793,0.258049,0.000483737,-2.24683,-0.0217179,-0.0403611,-0.000243312
4.25563,0.555842,0.000161464,0.249712,0.258249,0.000485398,-2.24692,-0.021715,-0.0403446,-0.000243653
4.25731,0.555812,0.000168456,0.249629,0.25845,0.000487129,-2.247,-0.0217122,-0.0403279,-0.000243998
4.25905,0.555782,0.000175555,0.249545,0.258651,0.000488927,-2.24709,-0.0217093,-0.0403113,-0.000244347
4.26242,0.55575,0.000182763,0.249459,0.258854,0.000490783,-2.24719,-0.0217063,-0.0402945,-0.000244701
4.28199,0.555517,0.000236356,0.248812,0.260298,0.000504113,-2.24788,-0.0216847,-0.0401744,-0.000247314
4.29923,0.555256,0.000295314,0.248086,0.261794,0.000517708,-2.24868,-0.0216629,-0.0400504,-0.000250137
4.31933,0.554968,0.000359439,0.247281,0.263336,0.000534154,-2.24957,-0.02164,-0.0399222,-0.000253127
4.33957,0.554604,0.000439186,0.246265,0.265161,0.000552552,-2.25071,-0.0216126,-0.0397705,-0.000256769
4.35928,0.554151,0.000536712,0.244999,0.267289,0.000577378,-2.25214,-0.0215805,-0.0395936,-0.000261055
4.37988,0.553822,0.0006064,0.244083,0.268753,0.000593437,-2.25319,-0.021558,-0.0394717,-0.000264039
4.39987,0.553412,0.000692136,0.242942,0.270506,0.000614704,-2.25451,-0.0215314,-0.0393259,-0.00026758
4.422,0.552907,0.000796028,0.241543,0.272568,0.000640149,-2.25614,-0.021499,-0.0391539,-0.000271722
4.43969,0.552572,0.000864057,0.240618,0.27389,0.000655941,-2.25722,-0.0214785,-0.0390439,-0.00027434
4.46147,0.552004,0.000977642,0.239055,0.276054,0.00068532,-2.25907,-0.0214442,-0.0388634,-0.000278522
4.48033,0.551395,0.00109709,0.237392,0.278282,0.000712859,-2.26106,-0.0214086,-0.0386776,-0.000282723
4.49954,0.550746,0.00122197,0.235629,0.280569,0.000745214,-2.26319,-0.0213715,-0.0384866,-0.000286832
4.51866,0.550144,0.00133571,0.234005,0.282621,0.000771409,-2.26517,-0.0213377,-0.0383152,-0.000290385
4.53976,0.549602,0.00143624,0.232553,0.284417,0.000796647,-2.26695,-0.0213082,-0.0381655,-0.000293321
4.56038,0.54894,0.00155705,0.230789,0.286552,0.000826748,-2.26914,-0.0212721,-0.0379869,-0.00029664
4.5793,0.548244,0.00168146,0.22895,0.288735,0.000855493,-2.27144,-0.0212353,-0.0378049,-0.000299812
4.59851,0.547831,0.00175404,0.227867,0.29,0.000874549,-2.27281,-0.0212137,-0.0376993,-0.000301521
4.61997,0.546971,0.00190248,0.225626,0.292573,0.000909677,-2.27567,-0.0211688,-0.0374843,-0.00030478
4.63852,0.54641,0.00199726,0.224177,0.294212,0.00093184,-2.27753,-0.0211404,-0.0373478,-0.000306654
4.66069,0.545832,0.00209347,0.222691,0.295868,0.000956885,-2.27945,-0.0211111,-0.0372096,-0.000308375
4.68174,0.544744,0.00227023,0.219923,0.298906,0.000996856,-2.28308,-0.0210565,-0.0369565,-0.000311166
4.70038,0.544113,0.00237012,0.218334,0.300621,0.00102144,-2.28519,-0.0210256,-0.0368138,-0.000312465
4.72222,0.543064,0.00253235,0.215715,0.303404,0.00105991,-2.28869,-0.0209741,-0.0365821,-0.000314209
4.74054,0.542104,0.0026764,0.213348,0.305881,0.00109183,-2.29191,-0.0209282,-0.0363767,-0.000315343
4.75918,0.541395,0.00278028,0.211614,0.30767,0.00111774,-2.29428,-0.0208944,-0.0362283,-0.000315888
4.78114,0.540369,0.00292706,0.209127,0.310206,0.00114864,-2.29772,-0.0208455,-0.0360183,-0.000316348
4.79979,0.539302,0.00307491,0.206572,0.312773,0.00118209,-2.30131,-0.0207961,-0.0358064,-0.000316326
4.8198,0.538355,0.00320238,0.204327,0.314997,0.00121052,-2.30449,-0.0207519,-0.0356228,-0.000315955
4.84046,0.537722,0.00336405,0.202811,0.25511,-0.000752175,-2.292,-0.0219268,-0.0391617,-0.000438218
4.85864,0.537607,0.00353157,0.202632,0.262778,0.000330816,-2.30095,-0.0217327,-0.0395339,-0.000425484
4.87853,0.537588,0.00371421,0.202741,0.260312,0.000356067,-2.30138,-0.0218513,-0.0399065,-0.000421646
4.89908,0.537594,0.00393534,0.202945,0.259639,0.000769296,-2.30108,-0.0217973,-0.0400377,-0.000411429
4.92036,0.537604,0.00416059,0.203138,0.259343,0.000538214,-2.30062,-0.0217839,-0.0400492,-0.000394536
4.94017,0.537612,0.00435364,0.203278,0.259867,0.00085264,-2.30046,-0.0217334,-0.0400983,-0.000381929
4.95839,0.537618,0.00458168,0.20341,0.2601,0.000952943,-2.30017,-0.0216402,-0.0400888,-0.000366902
4.98156,0.537621,0.00477894,0.203501,0.260075,0.000854484,-2.29995,-0.0216392,-0.0401366,-0.000352809
5.00022,0.537624,0.00501097,0.203584,0.26061,0.00130525,-2.2999,-0.0215418,-0.0402016,-0.000339739
5.01876,0.537625,0.00521402,0.203638,0.260345,0.00113715,-2.29965,-0.0215071,-0.0402235,-0.00032596
5.03943,0.537627,0.0054533,0.203687,0.260529,0.00134997,-2.29961,-0.0214794,-0.0403339,-0.000311249
5.05912,0.537628,0.00573314,0.203725,0.260526,0.00151525,-2.29947,-0.0213792,-0.0403936,-0.00029471
5.08047,0.53763,0.0059471,0.203744,0.260278,0.00142316,-2.29936,-0.0213835,-0.040483,-0.000280519
5.10433,0.537634,0.00623752,0.203759,0.260635,0.00191358,-2.29942,-0.021271,-0.0405981,-0.000264538
5.11872,0.537637,0.00642364,0.203763,0.260198,0.00170519,-2.29925,-0.0212552,-0.0406419,-0.000251911
5.13981,0.537641,0.00664951,0.203764,0.26022,0.00186894,-2.29928,-0.0212375,-0.0407637,-0.000237837
5.16638,0.53765,0.0069971,0.203756,0.260156,0.00211132,-2.29923,-0.0211213,-0.040873,-0.000216977
5.18045,0.537654,0.00715493,0.20375,0.259814,0.00196013,-2.29914,-0.0211288,-0.0409352,-0.000206064
5.1985,0.537661,0.007354,0.203741,0.260048,0.00228511,-2.29926,-0.0210871,-0.0410508,-0.000194106
5.22025,0.537674,0.00768049,0.203721,0.259862,0.00242586,-2.2992,-0.0209831,-0.0411489,-0.000173636
5.23864,0.537681,0.00784689,0.20371,0.259496,0.00227116,-2.29912,-0.02099,-0.0412147,-0.00016192
5.2602,0.537697,0.00818455,0.203684,0.259936,0.00286601,-2.29932,-0.0208844,-0.0413911,-0.000141429
5.28166,0.537713,0.00848857,0.203658,0.259287,0.00263361,-2.29915,-0.0208391,-0.0414708,-0.000120158
5.29842,0.537724,0.00866458,0.203642,0.259182,0.00267981,-2.29917,-0.0208328,-0.041562,-0.000107982
5.32069,0.537747,0.00902301,0.203609,0.259565,0.00324878,-2.29934,-0.0206959,-0.0417215,-8.53214e-05
5.33855,0.537766,0.00929873,0.203581,0.258842,0.00293494,-2.29916,-0.0206829,-0.0418005,-6.49649e-05
5.36114,0.537787,0.00957799,0.203553,0.259133,0.00334068,-2.29933,-0.0206237,-0.041958,-4.60404e-05
5.38021,0.537817,0.00995971,0.203512,0.258852,0.00344227,-2.2993,-0.0205094,-0.0420755,-1.92856e-05
5.39851,0.537842,0.0102516,0.20348,0.258496,0.00339,-2.29928,-0.0204982,-0.0422044,2.47233e-06
5.42102,0.537878,0.0106484,0.203436,0.258941,0.00399164,-2.29948,-0.0203455,-0.0423808,2.99513e-05
5.43951,0.537907,0.0109532,0.203401,0.258125,0.00364478,-2.2993,-0.0203296,-0.0424648,5.37272e-05
5.46052,0.537939,0.0112617,0.203365,0.258521,0.00411557,-2.29951,-0.020255,-0.0426368,7.64224e-05
5.48474,0.537983,0.011683,0.203315,0.258175,0.00418169,-2.29947,-0.020132,-0.0427646,0.00010839
5.49884,0.537997,0.0119419,0.203292,0.256433,0.00529393,-2.29906,-0.0199813,-0.0430353,0.000138859
5.51851,0.537966,0.0122267,0.203296,0.256369,0.00496526,-2.2995,-0.0199562,-0.0433159,0.000184477
5.53916,0.53791,0.0125513,0.203314,0.255718,0.00476639,-2.29925,-0.0198701,-0.0434359,0.00024063
5.56067,0.537852,0.0128676,0.203337,0.255571,0.00490086,-2.29922,-0.0198024,-0.0435492,0.000297982
5.58149,0.537793,0.0131798,0.203361,0.255317,0.00502746,-2.2991,-0.0196556,-0.0436026,0.000354823
5.60078,0.537735,0.0134872,0.203384,0.255021,0.00510305,-2.29882,-0.0195887,-0.0437006,0.000412816
5.62033,0.537687,0.0137446,0.203404,0.254948,0.00525421,-2.2989,-0.0194818,-0.0437579,0.000462203
5.64004,0.537632,0.0140436,0.203426,0.254586,0.00532488,-2.29856,-0.0193628,-0.0438275,0.000520122
5.65861,0.537586,0.0142937,0.203444,0.254481,0.00544693,-2.29851,-0.0193044,-0.0439167,0.000570501
5.67872,0.537534,0.0145818,0.203465,0.254224,0.00554519,-2.29845,-0.0191598,-0.0439679,0.000628713
5.70224,0.537468,0.0149461,0.20349,0.253959,0.00570258,-2.29816,-0.0190594,-0.0441023,0.000705096
5.71947,0.537434,0.0151439,0.203504,0.253771,0.00573883,-2.29822,-0.0189681,-0.044139,0.000747298
5.74463,0.537378,0.0154589,0.203525,0.25349,0.00589421,-2.29783,-0.0188365,-0.0442435,0.000815749
5.75988,0.537345,0.0156507,0.203538,0.25337,0.005957,-2.29785,-0.0187869,-0.0443146,0.000858972
5.77995,0.537299,0.0159168,0.203556,0.253036,0.00599761,-2.29777,-0.0186445,-0.0443663,0.000919135
5.80078,0.537249,0.0162166,0.203575,0.252884,0.0061921,-2.29748,-0.0185499,-0.0445024,0.000989585
5.81893,0.537213,0.0164361,0.203589,0.252546,0.00614522,-2.29756,-0.0184509,-0.0445449,0.00104199
5.84287,0.537158,0.0167632,0.203609,0.252373,0.00640043,-2.29714,-0.0183044,-0.0446873,0.0011225
5.85848,0.537125,0.0169751,0.203622,0.252046,0.00633745,-2.29724,-0.0182315,-0.0447462,0.00117602
5.8803,0.537075,0.0172914,0.203641,0.25181,0.00655562,-2.29686,-0.018058,-0.0448687,0.00125788
5.90023,0.537039,0.0175306,0.203656,0.251497,0.00653025,-2.29689,-0.0179844,-0.0449601,0.00132189
5.9194,0.536998,0.0178022,0.203672,0.251192,0.00664948,-2.29663,-0.0178176,-0.0450504,0.00139592
5.93942,0.536969,0.0180019,0.203683,0.251124,0.00679661,-2.29649,-0.0177525,-0.0451653,0.00145268
5.96008,0.536932,0.0182639,0.203698,0.250541,0.0066525,-2.29648,-0.017609,-0.0452217,0.0015273
5.97898,0.536909,0.018427,0.203708,0.250618,0.00692919,-2.29618,-0.017517,-0.0453281,0.00157611
5.99953,0.536887,0.0185864,0.203717,0.250413,0.00691627,-2.29618,-0.0174698,-0.0454056,0.00162412
6.01955,0.536838,0.018865,0.203739,0.249552,0.00712211,-2.29615,-0.017279,-0.0456214,0.00170129
6.04036,0.536777,0.019136,0.203767,0.249261,0.0071073,-2.29607,-0.0172348,-0.0457639,0.00175994
6.06099,0.536715,0.0194101,0.203797,0.24911,0.0071369,-2.29622,-0.0171173,-0.0458159,0.00181655
6.07916,0.536664,0.0196476,0.203822,0.249001,0.00721891,-2.29602,-0.0170248,-0.0458819,0.00186574
6.09895,0.536617,0.0198848,0.203847,0.248997,0.00729955,-2.2961,-0.016972,-0.0459571,0.00191361
6.12132,0.53656,0.0202035,0.20388,0.248844,0.00737128,-2.29609,-0.0168187,-0.0459925,0.00197625
6.14078,0.536528,0.0204039,0.203901,0.248872,0.00750661,-2.29597,-0.0167662,-0.0460667,0.0020161
6.16178,0.536492,0.020644,0.203925,0.248812,0.00751166,-2.29615,-0.0166994,-0.0461092,0.00206156
6.18063,0.536455,0.0209271,0.203953,0.248739,0.00763102,-2.29604,-0.0165644,-0.0461487,0.00211521
6.19919,0.536427,0.0211703,0.203976,0.248818,0.0077753,-2.29603,-0.0165128,-0.0462331,0.00216112
6.22068,0.536398,0.021455,0.204003,0.248659,0.00772896,-2.29618,-0.0164035,-0.046247,0.00221195
6.23928,0.536375,0.0217429,0.204029,0.248798,0.00799607,-2.29601,-0.0162977,-0.0463317,0.00226505
6.25925,0.536354,0.022072,0.204058,0.248677,0.00793683,-2.29622,-0.0162133,-0.0463714,0.00232163
6.28483,0.53634,0.0223637,0.204083,0.248786,0.0081768,-2.29609,-0.0160841,-0.046428,0.00237297
6.30053,0.536333,0.022614,0.204104,0.248867,0.00826663,-2.29618,-0.0160395,-0.0464962,0.00241549
6.32033,0.536328,0.0229506,0.20413,0.24874,0.00825697,-2.29625,-0.0159037,-0.0465061,0.00247033
6.33932,0.536329,0.0232901,0.204156,0.249019,0.00855542,-2.29624,-0.0158194,-0.0466111,0.00252698
6.35907,0.536333,0.023503,0.204172,0.248825,0.00839559,-2.2964,-0.0157612,-0.0466038,0.00255911
6.38058,0.536344,0.0238479,0.204196,0.249141,0.00878768,-2.29629,-0.0156193,-0.0466814,0.00261518
6.39968,0.536359,0.0241505,0.204217,0.249075,0.00870026,-2.2965,-0.0155705,-0.0467186,0.00265999
6.4187,0.536375,0.0244129,0.204234,0.249082,0.008774,-2.2965,-0.015458,-0.0467268,0.00269918
6.44037,0.536413,0.0248977,0.204263,0.249309,0.00896071,-2.29667,-0.0153516,-0.0468207,0.00277032
6.45936,0.536443,0.0252103,0.204281,0.249438,0.0091424,-2.29666,-0.0152198,-0.0468425,0.00281534
6.47923,0.536488,0.0256152,0.204303,0.249667,0.00929421,-2.29684,-0.0151451,-0.0469233,0.00287167
6.49888,0.536534,0.0259797,0.204321,0.249785,0.00944494,-2.29688,-0.0150036,-0.0469391,0.00292114
6.52068,0.536573,0.0262554,0.204334,0.250178,0.00976956,-2.29695,-0.0149436,-0.0470222,0.00295944
6.54222,0.536622,0.0265791,0.204349,0.249882,0.00943648,-2.29717,-0.0148764,-0.0469932,0.00299789
6.55854,0.536675,0.0269075,0.204363,0.250525,0.0100632,-2.29713,-0.0147453,-0.047083,0.00304352
6.58165,0.536732,0.0272373,0.204376,0.250383,0.0098068,-2.29739,-0.0147124,-0.0470922,0.00308134
6.5997,0.536793,0.0275719,0.204388,0.250675,0.0100974,-2.29742,-0.0145783,-0.0471159,0.00312317
6.61883,0.536849,0.0278608,0.204397,0.251117,0.0104432,-2.29753,-0.0145189,-0.0471955,0.00315933
6.64092,0.536919,0.0282006,0.204408,0.250808,0.0100379,-2.29776,-0.0144593,-0.047155,0.0031946
6.66031,0.536991,0.0285454,0.204418,0.251593,0.0107921,-2.29777,-0.0143226,-0.0472495,0.00323864
6.67981,0.537057,0.0288423,0.204425,0.251486,0.0105268,-2.29801,-0.0143051,-0.0472549,0.00326844
6.69964,0.537137,0.0291935,0.204433,0.251674,0.0106703,-2.2981,-0.014184,-0.0472533,0.00330668
6.71985,0.537233,0.0295991,0.204442,0.252253,0.01109,-2.2983,-0.0141033,-0.0473414,0.00335159
6.74012,0.537309,0.0299064,0.204447,0.251998,0.0107047,-2.29849,-0.0140505,-0.0472943,0.00337949
6.76759,0.537413,0.030322,0.204453,0.252984,0.0116351,-2.29858,-0.0139006,-0.0474036,0.00342745
6.7797,0.537482,0.0305833,0.204456,0.252776,0.0112289,-2.29881,-0.0138982,-0.0473852,0.00344906
6.80175,0.537608,0.0310611,0.204461,0.253408,0.0117887,-2.29894,-0.0137301,-0.04742,0.00349809
6.81917,0.53771,0.0314366,0.204463,0.253603,0.0117362,-2.29922,-0.0136981,-0.0474532,0.00353147
6.8404,0.537816,0.0318172,0.204465,0.253698,0.011691,-2.29938,-0.0135989,-0.0474237,0.00356485
6.8633,0.537925,0.0322025,0.204465,0.254581,0.0124819,-2.29957,-0.0134905,-0.0475228,0.00360413
6.88105,0.538021,0.0325356,0.204465,0.254227,0.0118137,-2.29983,-0.0134845,-0.0474652,0.00362698
6.89966,0.538119,0.0328734,0.204464,0.254923,0.012513,-2.29991,-0.0133458,-0.047505,0.00366017
6.91888,0.538254,0.033328,0.204461,0.255291,0.0125633,-2.30025,-0.0132991,-0.047545,0.00369682
6.93921,0.538357,0.0336736,0.204459,0.255322,0.0123998,-2.30042,-0.0132265,-0.047502,0.00372278
6.95951,0.53848,0.0340818,0.204454,0.2564,0.0134632,-2.30061,-0.0130884,-0.0476036,0.00376206
6.97986,0.538607,0.0344939,0.204449,0.256077,0.0126576,-2.30093,-0.0130909,-0.0475382,0.00378664
7.00083,0.538716,0.0348526,0.204443,0.256883,0.0135021,-2.30105,-0.0129443,-0.0475786,0.00381912
7.02017,0.538828,0.0352142,0.204437,0.257403,0.0138068,-2.30133,-0.0128931,-0.0476295,0.00384696
7.03872,0.538962,0.0356409,0.204428,0.257237,0.013203,-2.30159,-0.0128581,-0.0475539,0.00387239
7.06211,0.539097,0.036074,0.204419,0.258446,0.0144999,-2.30181,-0.0126923,-0.047648,0.00391144
7.08439,0.539235,0.0365113,0.204408,0.258229,0.013663,-2.30216,-0.0127095,-0.0475898,0.00393417
7.10017,0.539334,0.036828,0.204399,0.258703,0.0140974,-2.30229,-0.0126043,-0.0475842,0.00395797
7.12202,0.539452,0.0372008,0.204398,0.257837,0.0165127,-2.30283,-0.012294,-0.047701,0.00400845
7.13869,0.539551,0.0375262,0.204426,0.258898,0.0142233,-2.30288,-0.0123568,-0.047791,0.00405541
7.15932,0.539643,0.0378325,0.204431,0.259349,0.0154619,-2.30303,-0.0121089,-0.0476663,0.00410944
7.1817,0.539763,0.0381244,0.20445,0.260222,0.0152551,-2.30325,-0.0119767,-0.0477219,0.004198
7.19933,0.539871,0.0383609,0.20447,0.260308,0.0149022,-2.30333,-0.0118701,-0.0476451,0.00426966
7.2213,0.53998,0.0385955,0.20449,0.260922,0.0154614,-2.30319,-0.0117135,-0.0476411,0.00434761
7.23874,0.540131,0.0389048,0.204519,0.261094,0.0151148,-2.30336,-0.0116128,-0.0475676,0.00444247
7.26033,0.540244,0.0391379,0.204541,0.261437,0.0153791,-2.30326,-0.0114613,-0.0475135,0.0045187
7.28126,0.54038,0.0394088,0.204567,0.262009,0.0157143,-2.30327,-0.0113318,-0.0475089,0.00460738
7.30019,0.540539,0.0397184,0.204597,0.262078,0.0153755,-2.30332,-0.0111934,-0.0473976,0.00470438
7.32038,0.540639,0.039913,0.204615,0.262668,0.0159979,-2.30322,-0.0110554,-0.0474063,0.0047718
7.33867,0.540762,0.040145,0.204638,0.262823,0.0157229,-2.30335,-0.0109863,-0.0473627,0.00484427
7.35913,0.540907,0.0404175,0.204664,0.263045,0.0157307,-2.3033,-0.0108321,-0.0472804,0.00493304
7.3812,0.541033,0.0406516,0.204686,0.263702,0.0163407,-2.30325,-0.0106873,-0.0472949,0.00501368
7.40336,0.541185,0.0409243,0.204712,0.263622,0.0156633,-2.30339,-0.0106113,-0.0471979,0.00509729
7.41939,0.541293,0.041121,0.204731,0.264051,0.0161411,-2.30328,-0.0104636,-0.0471729,0.00516543
7.44125,0.541426,0.0413569,0.204753,0.264606,0.0165519,-2.3033,-0.0103379,-0.0471811,0.00524538
7.45999,0.541584,0.0416327,0.204779,0.264516,0.0158782,-2.30339,-0.0102505,-0.0470767,0.00533064
7.47853,0.541697,0.0418318,0.204797,0.265079,0.0165854,-2.30328,-0.0100891,-0.0470732,0.00540153
7.50014,0.54186,0.0421103,0.204823,0.265445,0.0165349,-2.30338,-0.00998222,-0.0470514,0.00549177
7.51873,0.542049,0.0424316,0.204852,0.265694,0.0164921,-2.30334,-0.00980863,-0.0469629,0.00559721
7.53947,0.542193,0.0426742,0.204874,0.266358,0.0171659,-2.30332,-0.00965325,-0.0469824,0.00568157
7.56071,0.542414,0.0430403,0.204907,0.266359,0.0164176,-2.3034,-0.00952789,-0.0468654,0.00579552
7.58151,0.542588,0.0433287,0.204932,0.267212,0.0174851,-2.30334,-0.00930997,-0.0468875,0.00589777
7.60309,0.542716,0.0435352,0.20495,0.267171,0.0168199,-2.30346,-0.00927527,-0.046834,0.00595922
7.61941,0.54287,0.0437858,0.204971,0.26738,0.0168378,-2.3034,-0.00913472,-0.0467674,0.00604125
7.63896,0.543026,0.0440388,0.204992,0.268125,0.01779,-2.30337,-0.00894665,-0.046793,0.00613026
7.66155,0.543212,0.0443355,0.205017,0.268031,0.0167808,-2.3035,-0.00889194,-0.0467045,0.00621767
7.67928,0.543399,0.044637,0.205041,0.26874,0.0178026,-2.30339,-0.00865244,-0.0466894,0.00632272
7.69928,0.543536,0.0448537,0.205058,0.269092,0.0179069,-2.30347,-0.00855798,-0.0466898,0.00639191
7.71909,0.543758,0.0452046,0.205086,0.269134,0.0172032,-2.30349,-0.00843683,-0.0465849,0.0064982
7.73903,0.543926,0.0454717,0.205106,0.269917,0.0184165,-2.30345,-0.0082166,-0.0466099,0.00659169
7.76234,0.544185,0.0458766,0.205136,0.269937,0.0172521,-2.30356,-0.00812631,-0.0465095,0.00670902
7.78028,0.544388,0.0461978,0.205159,0.270775,0.0186695,-2.3035,-0.00785631,-0.0465177,0.00681968
7.80003,0.544537,0.0464291,0.205175,0.270956,0.0182764,-2.3036,-0.007796,-0.0464976,0.00688686
7.82015,0.544777,0.0468051,0.2052,0.271206,0.0180512,-2.30356,-0.0076262,-0.0464094,0.00700066
7.83868,0.544959,0.0470916,0.205219,0.271913,0.0191192,-2.30361,-0.00741794,-0.0464341,0.00709483
7.85934,0.545176,0.04743,0.205241,0.271878,0.0178076,-2.30367,-0.00737483,-0.0463474,0.00718605
7.88161,0.545457,0.0478745,0.205267,0.272843,0.0195123,-2.30367,-0.00703184,-0.0463472,0.00733039
7.89869,0.54565,0.0481754,0.205285,0.272892,0.0183689,-2.30375,-0.00700126,-0.0462918,0.007409
7.92402,0.545875,0.048533,0.205304,0.273388,0.0190951,-2.3037,-0.00677006,-0.0462419,0.00751858
7.93864,0.546071,0.0488443,0.205321,0.273956,0.0197278,-2.30381,-0.00659413,-0.0462555,0.00761107
7.95887,0.546237,0.049107,0.205334,0.273941,0.0185038,-2.30382,-0.00658231,-0.0461906,0.0076765
7.9855,0.546504,0.0495358,0.205355,0.274707,0.0200994,-2.30383,-0.0062574,-0.0461663,0.00780833
7.99892,0.546674,0.0498079,0.205367,0.275018,0.0198658,-2.30393,-0.00617212,-0.04616,0.00788043
8.02136,0.546914,0.0501954,0.205384,0.275197,0.0190065,-2.30389,-0.00607253,-0.0460732,0.00798078
8.04009,0.547191,0.050648,0.205402,0.276038,0.0207118,-2.30403,-0.00574777,-0.0460839,0.00811323
8.06004,0.547439,0.051052,0.205417,0.276197,0.0191537,-2.30401,-0.00571171,-0.0460063,0.00820923
8.08263,0.547687,0.0514649,0.205431,0.276894,0.0210552,-2.30411,-0.00538113,-0.0459899,0.00832962
8.09854,0.547904,0.0518251,0.205442,0.27725,0.0203442,-2.30419,-0.00530501,-0.0459725,0.00841556
8.11895,0.548085,0.0521303,0.205451,0.277436,0.0196588,-2.30414,-0.00523573,-0.0459089,0.00848915
8.1432,0.548377,0.0526286,0.205463,0.278218,0.0217634,-2.30434,-0.00486536,-0.0459027,0.00862607
8.16047,0.548638,0.0530743,0.205473,0.278544,0.0200335,-2.3043,-0.00484047,-0.0458442,0.0087236
8.17967,0.548824,0.0533988,0.205479,0.278917,0.0211059,-2.30436,-0.00462107,-0.0458024,0.00880899
8.2026,0.549126,0.0539284,0.205487,0.279601,0.0215987,-2.30456,-0.00438678,-0.0457978,0.00893538
8.21951,0.549392,0.0544029,0.205493,0.280005,0.0209055,-2.3045,-0.00426448,-0.0457199,0.00904249
8.24041,0.549622,0.0548181,0.205496,0.280528,0.0228805,-2.30476,-0.00394698,-0.0457084,0.00914782
8.26005,0.549932,0.0553841,0.205499,0.281133,0.0210213,-2.30469,-0.00390141,-0.0456598,0.00926337
8.28124,0.550204,0.0558915,0.205499,0.281618,0.0231156,-2.30494,-0.00354194,-0.045605,0.00938611
8.30137,0.550519,0.0564856,0.205498,0.282358,0.0219539,-2.30498,-0.0034353,-0.0455854,0.00950573
8.31995,0.550795,0.0570183,0.205494,0.282809,0.0229914,-2.30511,-0.00316248,-0.0455072,0.00962371
8.34042,0.551033,0.0574847,0.205489,0.283318,0.0239596,-2.30538,-0.00292339,-0.0454988,0.00972246
8.35845,0.551313,0.0580406,0.205481,0.284027,0.0222651,-2.30523,-0.00288171,-0.0454471,0.00982759
8.37924,0.551552,0.0585274,0.205472,0.284313,0.0245544,-2.3056,-0.00252743,-0.0453865,0.00993373
8.40198,0.551794,0.0590241,0.205462,0.284993,0.0239369,-2.30568,-0.002418,-0.0453846,0.0100256
8.41874,0.552036,0.0595306,0.205449,0.28559,0.0232083,-2.3056,-0.00231954,-0.045324,0.0101207
8.43865,0.552277,0.0600473,0.205434,0.285813,0.0256041,-2.30608,-0.00195286,-0.0452639,0.0102255
8.46381,0.552601,0.0607527,0.205412,0.286954,0.0237068,-2.30595,-0.00189457,-0.0452512,0.0103471
8.47849,0.552842,0.0612939,0.205392,0.287192,0.0253798,-2.30628,-0.00159074,-0.0451599,0.0104498
8.49886,0.553044,0.0617534,0.205374,0.28754,0.0264386,-2.30663,-0.00135901,-0.0451357,0.0105317
8.52482,0.553408,0.0626001,0.205336,0.288817,0.0248866,-2.30648,-0.00124487,-0.0450835,0.0106739
8.53895,0.553608,0.0630812,0.205313,0.288803,0.0271521,-2.30703,-0.000912469,-0.0450037,0.0107589
8.55876,0.55385,0.0636698,0.205282,0.289768,0.0262874,-2.30706,-0.000811892,-0.045011,0.0108521
8.57986,0.554169,0.0644723,0.205237,0.29049,0.026797,-2.30727,-0.000552115,-0.0449058,0.0109835
8.59964,0.554367,0.0649848,0.205206,0.290622,0.0284132,-2.30779,-0.000267532,-0.0448488,0.0110642
8.62605,0.554684,0.065823,0.205152,0.292306,0.0263757,-2.30753,-0.000215308,-0.0448478,0.0111919
8.63914,0.554879,0.0663575,0.205115,0.292197,0.0284125,-2.3081,9.51461e-05,-0.0447323,0.0112731
8.65941,0.555113,0.0670112,0.205068,0.292807,0.0290359,-2.30849,0.000330533,-0.0447004,0.011367
8.68024,0.555459,0.0680155,0.20499,0.294206,0.0285232,-2.30855,0.000532909,-0.0446215,0.0115131
8.70022,0.555687,0.0687013,0.204933,0.294188,0.0306064,-2.30934,0.000891402,-0.0445181,0.0116046
8.72103,0.555912,0.0694012,0.204872,0.29596,0.0287327,-2.30902,0.000907028,-0.0445568,0.0117035
8.73941,0.55617,0.0702334,0.204796,0.29596,0.0308762,-2.3098,0.00127931,-0.0443858,0.011811
8.75884,0.556352,0.0708399,0.204738,0.296378,0.0316689,-2.31027,0.00150461,-0.0443383,0.0118858
8.77845,0.556638,0.0718303,0.204639,0.298454,0.0302618,-2.31007,0.00160561,-0.0443285,0.0120191
8.80158,0.556881,0.0727164,0.204546,0.297982,0.0331924,-2.31129,0.00206244,-0.0441321,0.0121158
8.81936,0.556984,0.0731027,0.204504,0.298831,0.0326903,-2.31128,0.00211552,-0.0441514,0.012164
8.83949,0.557252,0.0741492,0.204385,0.300622,0.0321626,-2.31133,0.00228416,-0.0440946,0.0122948
8.85969,0.557446,0.0749504,0.20429,0.30013,0.0346516,-2.3125,0.00267847,-0.043913,0.0123715
8.88016,0.557668,0.0759049,0.204173,0.302772,0.0329247,-2.31217,0.00273828,-0.0439797,0.012493
8.89941,0.557879,0.0768774,0.204048,0.302414,0.0353877,-2.31336,0.00313338,-0.0437425,0.0125832
8.91865,0.558026,0.0775853,0.203953,0.303034,0.0360047,-2.3139,0.00334888,-0.0436858,0.0126526
8.94031,0.558223,0.0785936,0.203814,0.305647,0.034785,-2.31366,0.00343227,-0.043714,0.0127753
8.95957,0.55841,0.0796207,0.203667,0.304704,0.0378288,-2.31532,0.00389075,-0.0434263,0.0128489
8.97942,0.558512,0.0802176,0.203577,0.306404,0.0368883,-2.31483,0.0039451,-0.0434537,0.0129063
9.001,0.558705,0.0814296,0.203388,0.308149,0.0375351,-2.31577,0.00419288,-0.0433644,0.0130381
9.01969,0.558884,0.0826689,0.20319,0.308213,0.0395776,-2.31722,0.00461764,-0.0431489,0.0131282
9.0384,0.558988,0.0834579,0.203061,0.310861,0.0384762,-2.31686,0.00465704,-0.0432248,0.0132252
9.0619,0.559155,0.0848989,0.20281,0.310061,0.0417306,-2.31911,0.00517011,-0.0428337,0.0133051
9.07922,0.55924,0.0857168,0.202665,0.312363,0.0410974,-2.31902,0.00527246,-0.0428922,0.0133931
9.10279,0.559358,0.0870425,0.202419,0.313612,0.0424444,-2.32019,0.00556582,-0.0426844,0.0134919
9.1195,0.559434,0.0880557,0.202228,0.313621,0.043933,-2.32147,0.00588067,-0.042492,0.0135458
9.1401,0.559509,0.0892564,0.201991,0.317414,0.0433473,-2.3214,0.00599709,-0.0425537,0.0136758
9.16542,0.559573,0.0906503,0.201707,0.316233,0.0463822,-2.32397,0.00645547,-0.0421171,0.0137137
9.1815,0.559597,0.0913584,0.201561,0.318224,0.0460928,-2.32393,0.00655782,-0.0421642,0.013785
9.20152,0.559622,0.0924297,0.201331,0.320942,0.0463443,-2.32433,0.00669704,-0.0421322,0.0138825
9.21842,0.559633,0.093697,0.201053,0.319713,0.0490632,-2.32691,0.00709328,-0.0417007,0.0138959
9.23974,0.559628,0.0947999,0.200804,0.323474,0.047985,-2.3256,0.00721194,-0.0418033,0.0140119
9.26059,0.559597,0.0962869,0.200457,0.323613,0.0511109,-2.32925,0.00757217,-0.041395,0.0140541
9.27954,0.559539,0.0977997,0.200091,0.326736,0.0518946,-2.33019,0.00785589,-0.0413217,0.0141612
9.29984,0.559465,0.0991392,0.199758,0.328131,0.0533662,-2.33176,0.00809803,-0.0410808,0.0142222
9.3191,0.559354,0.100692,0.19936,0.329164,0.0550936,-2.33379,0.00844736,-0.0407827,0.0142688
9.34079,0.559231,0.102067,0.198996,0.332734,0.0559957,-2.33454,0.00863854,-0.0407242,0.0143765
9.35941,0.559133,0.103339,0.198711,0.312266,0.0623454,-2.33724,0.00988539,-0.0387879,0.0142153
9.3798,0.55918,0.104308,0.198602,0.326914,0.0589764,-2.33775,0.0108183,-0.0396535,0.0148756
9.3992,0.559239,0.104954,0.198549,0.330794,0.058775,-2.33768,0.0110344,-0.0395044,0.015068
9.41955,0.55936,0.106242,0.198442,0.333276,0.0604186,-2.33979,0.0114066,-0.0385929,0.0152148
9.43923,0.559417,0.106894,0.19838,0.33736,0.0611635,-2.33907,0.0114747,-0.0383706,0.0153624
9.46072,0.559479,0.107684,0.198297,0.336546,0.0628854,-2.34204,0.0116165,-0.037526,0.0153427
9.48489,0.559553,0.108754,0.198169,0.341756,0.0644151,-2.34197,0.011817,-0.0370458,0.0155188
9.49871,0.559602,0.109567,0.198063,0.343703,0.0659736,-2.34336,0.0118884,-0.0364529,0.0155732
9.52019,0.559651,0.110528,0.197925,0.344339,0.0676724,-2.34609,0.0120662,-0.0356225,0.0155699
9.54092,0.559695,0.111768,0.197704,0.352781,0.0713188,-2.34882,0.012178,-0.034994,0.0157374
9.55965,0.559717,0.112609,0.19755,0.350459,0.0719263,-2.35049,0.0122925,-0.034182,0.0156737
9.58044,0.559736,0.113755,0.197329,0.357571,0.0748739,-2.35079,0.0124311,-0.0337624,0.0158576
9.60033,0.559743,0.114919,0.197097,0.357655,0.0775376,-2.35619,0.0124778,-0.032599,0.0157293
9.61839,0.559741,0.115659,0.196947,0.360709,0.07803,-2.35474,0.0126146,-0.0323973,0.0158514
9.6385,0.559727,0.116845,0.196687,0.365577,0.0810626,-2.35774,0.0126563,-0.0316633,0.0158913
9.6586,0.559703,0.117908,0.196451,0.36683,0.083282,-2.36107,0.0127219,-0.0308029,0.0158127
9.67982,0.559663,0.119136,0.196165,0.373705,0.0865004,-2.3622,0.0128129,-0.030313,0.0159453
9.70139,0.559608,0.120384,0.195864,0.374163,0.0881747,-2.36609,0.0128242,-0.0292703,0.0157987
9.71889,0.559565,0.121176,0.195666,0.379707,0.0912208,-2.36672,0.0129153,-0.0290293,0.015913
9.7394,0.559497,0.122288,0.195377,0.382418,0.0910128,-2.36666,0.0128576,-0.0282399,0.0158318
9.75918,0.559402,0.123587,0.195033,0.386511,0.0943831,-2.36913,0.0129502,-0.0275267,0.0158301
9.77945,0.559293,0.124895,0.194668,0.391027,0.0975154,-2.37276,0.0129104,-0.0266997,0.0157638
9.80118,0.559147,0.126398,0.194238,0.395921,0.101456,-2.3763,0.0129666,-0.0258389,0.0157142
9.82053,0.559023,0.12757,0.193882,0.401783,0.105197,-2.38036,0.0129336,-0.0250355,0.015633
9.83962,0.558885,0.128753,0.193502,0.403796,0.110144,-2.38965,0.0128486,-0.0241637,0.0154355
9.8586,0.558705,0.130135,0.193073,0.410509,0.112581,-2.38719,0.0129402,-0.0235855,0.0155081
9.88039,0.558541,0.131343,0.192659,0.415318,0.114467,-2.39255,0.0127573,-0.0226248,0.015268
9.89949,0.558355,0.132575,0.192226,0.41988,0.122723,-2.40004,0.0128588,-0.0221293,0.0152903
9.91937,0.558148,0.133831,0.191804,0.422753,0.121418,-2.39942,0.0126813,-0.0213284,0.0151005
9.9387,0.557894,0.135282,0.191275,0.429215,0.131547,-2.41132,0.0126954,-0.0203965,0.0149463
9.95984,0.557546,0.137116,0.190601,0.435751,0.131322,-2.41098,0.0125236,-0.019376,0.0147465
9.97921,0.557282,0.138416,0.19009,0.440952,0.141337,-2.42204,0.0125893,-0.0186385,0.0146417
10.0008,0.556997,0.139727,0.189585,0.4453,0.140467,-2.41972,0.0124946,-0.018001,0.0145346
10.0195,0.556699,0.141049,0.189043,0.451596,0.14493,-2.4252,0.0124082,-0.0171479,0.0143405
10.0395,0.556337,0.142572,0.188399,0.456316,0.154191,-2.43628,0.0124145,-0.0163703,0.0141894
10.0598,0.555944,0.144111,0.187736,0.462812,0.154742,-2.43693,0.0122572,-0.0154467,0.0139566
10.0794,0.555526,0.145665,0.187043,0.468035,0.165053,-2.44815,0.0123303,-0.0146806,0.0138294
10.0996,0.555194,0.146837,0.186515,0.472423,0.163415,-2.44776,0.0121224,-0.0139631,0.0135891
10.1184,0.554795,0.148215,0.185861,0.47943,0.171684,-2.45351,0.0122815,-0.0132227,0.0135385
10.1388,0.554567,0.149003,0.185476,0.482883,0.174564,-2.45717,0.0122651,-0.0127519,0.0134253
10.1602,0.554137,0.150389,0.184797,0.486369,0.176452,-2.46281,0.012053,-0.0119813,0.0131196
10.1796,0.553552,0.152185,0.183889,0.493401,0.186087,-2.47041,0.0122429,-0.011086,0.0130226
10.199,0.553222,0.153185,0.18337,0.497323,0.187306,-2.47524,0.0120543,-0.0104306,0.012748
10.2266,0.552613,0.155001,0.182387,0.50532,0.197451,-2.48361,0.0122678,-0.00942066,0.0126231
10.2407,0.552319,0.155809,0.181946,0.505891,0.204587,-2.49621,0.0121901,-0.00899205,0.0123917
10.2608,0.551937,0.156821,0.181387,0.509648,0.200446,-2.49121,0.0120386,-0.00851858,0.0122322
10.2814,0.551313,0.158454,0.180453,0.516346,0.210319,-2.49906,0.012307,-0.00762661,0.0121432
10.299,0.550847,0.159684,0.179732,0.520981,0.213243,-2.505,0.0122319,-0.0069126,0.0118807
10.3204,0.550265,0.16112,0.178872,0.524169,0.218227,-2.51102,0.0122802,-0.00623354,0.0116927
10.3387,0.549575,0.162764,0.177867,0.530101,0.225864,-2.51925,0.0124552,-0.00533573,0.0114987
10.3586,0.549055,0.164006,0.177088,0.534618,0.228614,-2.52503,0.0123729,-0.00461913,0.0112189
10.3812,0.548263,0.165886,0.175875,0.540636,0.239291,-2.53456,0.0127864,-0.0036173,0.0111068
10.3995,0.547647,0.167362,0.174901,0.545684,0.241843,-2.54126,0.0127144,-0.00281601,0.0107733
10.4198,0.547001,0.168844,0.173892,0.546848,0.262745,-2.56933,0.0131665,-0.00170828,0.0104739
10.4408,0.546131,0.170484,0.172732,0.551005,0.253258,-2.55524,0.0130325,-0.00148116,0.0103825
10.4596,0.545457,0.171719,0.171836,0.554359,0.259306,-2.56153,0.013243,-0.000795057,0.0102374
10.48,0.544894,0.172754,0.171074,0.556637,0.265591,-2.56726,0.0135662,-0.000244283,0.0101815
10.4997,0.544109,0.174217,0.169989,0.561086,0.267688,-2.57363,0.0135182,0.000471885,0.00982074
10.5195,0.543424,0.17548,0.169029,0.563477,0.274938,-2.58028,0.0139115,0.00115726,0.0097519
10.5447,0.542628,0.176969,0.167889,0.566682,0.280238,-2.5875,0.0142055,0.00186712,0.00955322
10.5601,0.542017,0.178051,0.167073,0.538747,0.283944,-2.63703,0.0138258,0.00497928,0.00742063
10.5792,0.541484,0.178915,0.166476,0.553178,0.286228,-2.61268,0.0151666,0.00435697,0.00862576
10.601,0.540804,0.180003,0.165765,0.561073,0.287597,-2.60851,0.0150698,0.00460108,0.00837115
10.6184,0.540383,0.180682,0.165327,0.56348,0.291245,-2.61218,0.0148741,0.00500275,0.00800462
10.6394,0.539808,0.181647,0.16472,0.564102,0.30015,-2.6206,0.0149389,0.00564558,0.0075743
10.6588,0.539259,0.182637,0.164127,0.568762,0.302102,-2.62466,0.0144955,0.0059948,0.00693499
10.6794,0.538795,0.183509,0.163614,0.568887,0.309473,-2.63124,0.0145799,0.00650601,0.00657555
10.7024,0.538209,0.18472,0.162941,0.571708,0.314488,-2.63828,0.0144035,0.00691877,0.00591476
10.7186,0.537779,0.185657,0.162433,0.573115,0.318981,-2.64347,0.0143241,0.0072758,0.00545596
10.7408,0.537292,0.186789,0.161841,0.572608,0.326369,-2.65082,0.0145526,0.00770699,0.0050296
10.7598,0.536758,0.188136,0.161167,0.575657,0.329719,-2.65638,0.0143678,0.00795902,0.00433316
10.7785,0.53636,0.189179,0.160654,0.573922,0.336604,-2.66281,0.0147102,0.00833857,0.00401636
10.8022,0.535853,0.190629,0.159973,0.576215,0.339934,-2.66821,0.0146933,0.008476,0.00334442
10.8196,0.535407,0.191939,0.159366,0.574631,0.346359,-2.67462,0.0150461,0.00881379,0.00292952
10.8388,0.535097,0.192908,0.158931,0.573974,0.350048,-2.6789,0.0153027,0.0089478,0.00259981
10.8616,0.534606,0.19451,0.158228,0.575249,0.35343,-2.68364,0.0154293,0.00902195,0.00195962
10.8785,0.534233,0.195748,0.157689,0.572266,0.359257,-2.68948,0.0159631,0.00928345,0.00165055
10.8996,0.533868,0.197033,0.157148,0.573006,0.361457,-2.6928,0.0161568,0.00923818,0.00116389
10.926,0.533307,0.199019,0.156314,0.569972,0.367929,-2.69965,0.0168169,0.00946333,0.000607826
10.9398,0.532995,0.200165,0.155844,0.568798,0.370785,-2.70309,0.0171968,0.00947647,0.000262685
10.9602,0.532616,0.201577,0.155271,0.569188,0.372775,-2.70566,0.0174443,0.00938002,-0.000228767
10.9796,0.532093,0.203511,0.154485,0.564247,0.379021,-2.71224,0.0183295,0.009595,-0.000679183
11.0009,0.53163,0.205274,0.153783,0.56414,0.381296,-2.71505,0.0187498,0.00940808,-0.00126217
11.0203,0.531224,0.206818,0.153175,0.560338,0.384869,-2.72023,0.0190686,0.00975462,-0.00215928
11.0404,0.530687,0.208949,0.152366,0.557184,0.388891,-2.72342,0.0200881,0.00952125,-0.00240402
11.0585,0.530269,0.210596,0.151745,0.555151,0.39214,-2.72677,0.0206924,0.00946032,-0.00281128
11.0822,0.529683,0.212856,0.150893,0.550128,0.396227,-2.73033,0.0216132,0.00933089,-0.00340511
11.0995,0.529304,0.214316,0.150349,0.548668,0.398742,-2.73353,0.0221356,0.00924849,-0.00386011
11.1239,0.528743,0.216399,0.149563,0.544138,0.402205,-2.73642,0.0229436,0.00915981,-0.00442324
11.1386,0.528326,0.217928,0.148989,0.540906,0.404645,-2.73862,0.0235934,0.00904281,-0.00484828
11.1604,0.527716,0.220124,0.148164,0.537892,0.408095,-2.74252,0.0244113,0.00892163,-0.00553519
11.1802,0.527159,0.222044,0.147433,0.532907,0.410924,-2.74436,0.025219,0.00881173,-0.0060529
11.2027,0.526381,0.224687,0.146431,0.528376,0.414799,-2.74831,0.0262943,0.00862085,-0.00688739
11.2193,0.525969,0.226034,0.145914,0.525696,0.416721,-2.74993,0.0268136,0.00855864,-0.00730637
11.2385,0.525324,0.228087,0.14512,0.520118,0.419455,-2.75147,0.0277088,0.00842221,-0.00789579
11.2603,0.52465,0.230193,0.144307,0.516396,0.422366,-2.75432,0.028573,0.00827138,-0.00861134
11.2793,0.524059,0.231976,0.143609,0.512681,0.424763,-2.75618,0.0292704,0.00818682,-0.00920627
11.2985,0.523187,0.234519,0.142604,0.505759,0.427916,-2.7578,0.0303858,0.0080139,-0.0100092
11.3195,0.522402,0.236753,0.141718,0.501702,0.430889,-2.76053,0.0312841,0.00787565,-0.0108392
11.3408,0.521429,0.2394,0.140648,0.494711,0.4341,-2.76208,0.0323782,0.00774306,-0.0117508
11.3609,0.520249,0.242503,0.139384,0.48753,0.437934,-2.76471,0.033696,0.00753819,-0.012925
11.3796,0.519148,0.24527,0.138235,0.480689,0.441288,-2.76651,0.0348027,0.00741768,-0.0139951
11.4017,0.517983,0.248093,0.137049,0.472883,0.444501,-2.76786,0.0360286,0.00724144,-0.0150955
11.4194,0.517112,0.250146,0.136179,0.468563,0.447107,-2.76975,0.0368367,0.00714701,-0.0159982
11.4392,0.51564,0.25347,0.134739,0.458737,0.450756,-2.77065,0.0382188,0.00699804,-0.0173653
11.4587,0.514077,0.256872,0.13325,0.450461,0.454864,-2.773,0.0396059,0.00683234,-0.018941
11.4808,0.512625,0.259888,0.131897,0.441486,0.458164,-2.77368,0.0408199,0.00672641,-0.0203092
11.4993,0.511098,0.262958,0.130503,0.432845,0.461622,-2.77493,0.0421017,0.00657951,-0.0217986
11.5206,0.509724,0.265624,0.129273,0.425801,0.464815,-2.77624,0.0431207,0.00650846,-0.0231695
11.5413,0.508287,0.268314,0.128007,0.416829,0.467503,-2.77615,0.044233,0.00640972,-0.0244941
11.564,0.506019,0.27242,0.126049,0.405592,0.4724,-2.77806,0.0458342,0.00628749,-0.0267664
11.5799,0.504693,0.274719,0.124925,0.397877,0.474741,-2.77791,0.0467342,0.00623646,-0.0280035
11.6001,0.502763,0.277979,0.123313,0.387554,0.478252,-2.7784,0.0480496,0.00613193,-0.0298648
11.6199,0.50074,0.281273,0.121653,0.377681,0.482115,-2.77927,0.0492641,0.00609114,-0.0318581
11.6389,0.49954,0.283165,0.12068,0.370783,0.483888,-2.77876,0.0500083,0.00605278,-0.032959
11.6628,0.49705,0.286993,0.118692,0.35873,0.488253,-2.77954,0.0514731,0.00598098,-0.0353967
11.68,0.495096,0.289881,0.117155,0.348945,0.491387,-2.77944,0.0525138,0.00597135,-0.0372594
11.7012,0.493069,0.292788,0.115581,0.338241,0.494175,-2.77876,0.0536363,0.00592582,-0.0391397
11.7251,0.490251,0.296701,0.113427,0.325605,0.498859,-2.77943,0.0550137,0.00592634,-0.0418928
11.7397,0.488047,0.299643,0.111763,0.314183,0.501556,-2.77824,0.0560838,0.00592063,-0.0438999
11.7607,0.485766,0.302611,0.110066,0.303791,0.504861,-2.77824,0.0571515,0.00591429,-0.0460716
11.7797,0.482601,0.306577,0.107739,0.289235,0.509143,-2.77755,0.0584727,0.00596437,-0.0490245
11.8007,0.479715,0.310064,0.105648,0.275663,0.512533,-2.77645,0.0596996,0.00597707,-0.0516561
11.8196,0.477152,0.313065,0.103814,0.264966,0.51616,-2.77643,0.0606458,0.00603897,-0.0540679
11.844,0.473606,0.317063,0.101303,0.248339,0.519691,-2.77424,0.0619602,0.0060984,-0.0571912
11.8589,0.471314,0.319575,0.0997026,0.238929,0.522616,-2.77402,0.0627523,0.00614898,-0.0592946
11.8796,0.468485,0.322583,0.0977423,0.22702,0.525881,-2.77306,0.0636266,0.00624241,-0.0618198
11.9017,0.464081,0.327096,0.0947277,0.207964,0.530048,-2.77073,0.0650108,0.00634421,-0.0656187
11.9201,0.46052,0.330604,0.0923223,0.193854,0.534036,-2.76968,0.0659517,0.00647813,-0.0687287
11.9414,0.456839,0.334098,0.0898598,0.178138,0.536836,-2.76707,0.0669417,0.00657913,-0.0717542
11.9648,0.454682,0.336097,0.0884317,0.169971,0.53915,-2.76654,0.06747,0.00665299,-0.0735957
11.9791,0.452484,0.33809,0.0869845,0.161714,0.541483,-2.76586,0.0679425,0.00674533,-0.0754474
12.013,0.450247,0.340072,0.0855169,0.152599,0.543099,-2.76424,0.0684234,0.00682561,-0.0772284
12.0197,0.448653,0.341396,0.0845943,0.148767,0.498191,-2.87957,0.0695591,0.00873235,-0.0795214
12.0391,0.445377,0.34373,0.0833415,0.133223,0.549783,-2.76336,0.069813,0.00966503,-0.0824702
12.0704,0.443461,0.345046,0.0826315,0.123463,0.552795,-2.76185,0.0701645,0.00906167,-0.0853756
12.0822,0.442488,0.345698,0.0822701,0.118018,0.553676,-2.76087,0.0703535,0.00878581,-0.0867404
12.1029,0.44101,0.346672,0.0817215,0.109284,0.554247,-2.75919,0.0706935,0.00838258,-0.0886823
12.1233,0.439509,0.347647,0.0811684,0.100637,0.554851,-2.75757,0.0710816,0.00796669,-0.0906342
12.1477,0.437985,0.348628,0.0806126,0.0927541,0.556385,-2.75628,0.0714513,0.00753797,-0.092731
12.1584,0.436956,0.349283,0.0802394,0.0878643,0.557869,-2.75556,0.0716642,0.00725741,-0.0941998
12.1829,0.435394,0.350259,0.0796726,0.08043,0.560025,-2.75439,0.0719471,0.00686399,-0.0963896
12.2019,0.43434,0.350903,0.0792889,0.075078,0.560973,-2.7534,0.0721392,0.00662181,-0.0977732
12.2299,0.43274,0.351862,0.0787056,0.0664674,0.561541,-2.75163,0.0724744,0.006272,-0.0997163
12.2451,0.431661,0.352499,0.0783131,0.060625,0.56171,-2.7504,0.0727314,0.00603571,-0.100979
12.262,0.430572,0.353138,0.0779189,0.0549728,0.562117,-2.74929,0.0729983,0.00579359,-0.102279
12.2797,0.429472,0.353778,0.0775233,0.0496511,0.562973,-2.74836,0.0732536,0.00554946,-0.103651
12.2986,0.427242,0.355056,0.0767241,0.0396971,0.565646,-2.74682,0.0736851,0.00508372,-0.106541
12.3205,0.423822,0.356935,0.0754917,0.0235484,0.567884,-2.74364,0.0742887,0.0044781,-0.110561
12.3403,0.421492,0.358171,0.0746516,0.0121239,0.568106,-2.7411,0.074796,0.00407995,-0.113021
12.3634,0.417315,0.36033,0.0731596,-0.00580138,0.571547,-2.73805,0.0755906,0.00340837,-0.117807
12.3795,0.414258,0.361834,0.0720609,-0.0190324,0.573202,-2.73536,0.076064,0.00300647,-0.121041
12.3991,0.41114,0.363311,0.0709373,-0.0329465,0.573228,-2.73207,0.0766566,0.00260297,-0.123965
12.4235,0.406666,0.365363,0.0693367,-0.0505619,0.576292,-2.72903,0.0773897,0.00208655,-0.128535
12.4396,0.404713,0.366221,0.0686335,-0.0582207,0.577334,-2.72752,0.0776387,0.00190272,-0.130411
12.4609,0.400742,0.367895,0.0671956,-0.0743744,0.577147,-2.72348,0.0782473,0.00152427,-0.133705
12.4797,0.396057,0.368815,0.0642598,-0.137574,0.58058,-2.6749,0.0795016,-0.00162119,-0.140756
12.5011,0.392688,0.368884,0.0614263,-0.124873,0.566734,-2.69894,0.0792923,-0.00274271,-0.139629
12.5222,0.389087,0.368585,0.0587377,-0.152675,0.597282,-2.68439,0.0762722,0.000691971,-0.142532
12.5423,0.38683,0.368012,0.0579785,-0.152814,0.563825,-2.68814,0.0773753,0.00284288,-0.144578
12.5587,0.385181,0.367425,0.0576724,-0.163384,0.545729,-2.68171,0.0778234,0.00290501,-0.145931
12.585,0.381535,0.365887,0.0570959,-0.135265,0.563128,-2.63339,0.0788167,-0.00694099,-0.134491
12.6,0.380077,0.365191,0.0578682,-0.17248,0.526558,-2.67624,0.0793514,-0.00375592,-0.142891
12.621,0.378322,0.364232,0.0595563,-0.204882,0.501638,-2.67447,0.0795945,0.000519538,-0.151215
12.6475,0.376469,0.363158,0.0612292,-0.217258,0.490295,-2.66684,0.0803171,0.000503143,-0.155075
12.6597,0.375625,0.362654,0.0619105,-0.221772,0.486287,-2.66258,0.0805725,0.000336755,-0.156801
12.6802,0.373228,0.361174,0.0636174,-0.231324,0.480986,-2.66485,0.0814783,0.000157238,-0.159437
12.6997,0.371288,0.359988,0.0648245,-0.240358,0.472442,-2.65793,0.0822254,-0.000264313,-0.162653
12.7185,0.369229,0.358696,0.0659431,-0.248751,0.46565,-2.65538,0.0828717,-0.000560033,-0.16518
12.7482,0.365915,0.356615,0.0674842,-0.2602,0.455742,-2.65511,0.0841265,-0.0010954,-0.168385
12.7628,0.363957,0.355389,0.0682712,-0.268556,0.448054,-2.6505,0.0847312,-0.00151001,-0.170888
12.7819,0.361498,0.353825,0.0691372,-0.274781,0.442382,-2.65424,0.0855015,-0.00183223,-0.172246
12.8008,0.359792,0.352758,0.0696816,-0.280113,0.437048,-2.65414,0.0861168,-0.00218338,-0.173619
12.8185,0.358032,0.351668,0.0701979,-0.28749,0.430121,-2.65034,0.0866888,-0.00263548,-0.175667
12.8409,0.354826,0.349655,0.0710142,-0.296347,0.421234,-2.65195,0.0875566,-0.00321593,-0.177636
12.8641,0.351949,0.347873,0.0716458,-0.303809,0.412938,-2.65371,0.088469,-0.00384349,-0.179259
12.8813,0.350466,0.346968,0.0719404,-0.309677,0.407531,-2.6515,0.0889196,-0.00426107,-0.1807
12.9008,0.346891,0.344769,0.0725562,-0.319348,0.397303,-2.65271,0.0897842,-0.0050425,-0.182662
12.9193,0.343699,0.34283,0.0730198,-0.326134,0.388499,-2.65594,0.090657,-0.00578741,-0.183871
12.9395,0.34039,0.340849,0.0734242,-0.340003,0.380393,-2.65937,0.0921661,-0.00508357,-0.189123
12.9627,0.335786,0.338016,0.0738127,-0.347276,0.364364,-2.65781,0.0926971,-0.00758048,-0.188307
12.9789,0.333406,0.336575,0.0739681,-0.353745,0.357413,-2.65857,0.0932183,-0.00846048,-0.18915
13.0004,0.330358,0.334746,0.0741326,-0.362968,0.349062,-2.66371,0.0939421,-0.00903063,-0.190786
13.0194,0.326593,0.332492,0.0742873,-0.370064,0.338071,-2.6615,0.0943514,-0.0106611,-0.191541
13.042,0.322727,0.330328,0.0743083,-0.742634,0.163031,-2.53371,0.0928135,-0.0199655,-0.181694
13.0639,0.319007,0.330115,0.0721868,-0.445101,0.266784,-2.63891,0.0902567,-0.0210354,-0.186805
13.0794,0.316591,0.33071,0.0698795,-0.418628,0.281547,-2.64661,0.0889938,-0.0205819,-0.189452
13.1038,0.312385,0.332429,0.0650308,-0.413703,0.280958,-2.64725,0.0863683,-0.0215954,-0.190256
13.1187,0.309365,0.333987,0.0611216,-0.420595,0.281811,-2.64098,0.0843026,-0.0220826,-0.191544
13.1409,0.307196,0.334875,0.0587418,-0.693557,0.139942,-2.71177,0.0819349,-0.0293495,-0.194495
13.1611,0.305388,0.335417,0.0572628,-0.468347,0.210099,-2.63796,0.0784503,-0.0239532,-0.186468
13.1784,0.303606,0.336045,0.0556898,-0.47171,0.211264,-2.62888,0.0769718,-0.022719,-0.186891
13.2031,0.302107,0.336527,0.0543023,-0.47234,0.211378,-2.62249,0.0755485,-0.0214029,-0.187109
13.2255,0.299704,0.337364,0.0520036,-0.473547,0.210531,-2.61281,0.073733,-0.0197497,-0.18759
13.2394,0.298495,0.337787,0.050814,-0.473911,0.211121,-2.60703,0.0725794,-0.018932,-0.18763
13.26,0.296969,0.338262,0.0492794,-0.473449,0.210679,-2.60133,0.0710765,-0.0176627,-0.187747
13.2799,0.29513,0.338876,0.047389,-0.474004,0.209834,-2.59441,0.0696355,-0.0164805,-0.188033
13.2985,0.29359,0.339411,0.045771,-0.474255,0.210585,-2.58708,0.0682095,-0.0156244,-0.187989
13.3184,0.2914,0.340074,0.0434193,-0.473451,0.209965,-2.57901,0.0660324,-0.013999,-0.18804
13.3384,0.289543,0.340684,0.0414505,-0.528164,0.228512,-2.43053,0.0646222,-0.00564939,-0.187082
13.361,0.288426,0.341001,0.0411593,-0.460026,0.234733,-2.54254,0.0648265,-0.00745644,-0.185702
13.3829,0.287213,0.341238,0.0418055,-0.474108,0.213621,-2.54075,0.0652955,-0.00547058,-0.189975
13.4003,0.28658,0.341376,0.0423009,-0.478349,0.20855,-2.54145,0.0659507,-0.00404556,-0.190892
13.4191,0.285801,0.341527,0.042912,-0.478805,0.208809,-2.55119,0.0667075,-0.00140764,-0.191099
13.4394,0.284859,0.341602,0.0435796,-0.47237,0.213732,-2.53306,0.066465,-0.00213287,-0.188886
13.4587,0.284134,0.34166,0.0442238,-0.475875,0.202386,-2.53837,0.0674922,0.000541088,-0.190585
13.4801,0.282979,0.341714,0.0451654,-0.474241,0.199807,-2.53576,0.0681219,0.00289153,-0.190498
13.5019,0.281949,0.341994,0.0455109,-0.480736,0.173432,-2.54391,0.0685359,0.00525227,-0.191852
13.5199,0.28122,0.342654,0.045281,-0.473039,0.183716,-2.5378,0.0681116,0.0053719,-0.190409
13.5409,0.280208,0.343688,0.0446536,-0.525848,0.159913,-2.5081,0.0666471,0.00428542,-0.190672
13.5584,0.279798,0.343988,0.0444705,-0.478708,0.176276,-2.50738,0.0682766,0.00848218,-0.188302
13.5786,0.279592,0.344084,0.0444554,-0.463331,0.179785,-2.50116,0.0690968,0.0111369,-0.186143
13.6032,0.279575,0.344149,0.0447407,-0.471301,0.173908,-2.5038,0.0693337,0.0132785,-0.187261
13.6218,0.279628,0.344159,0.0450028,-0.471107,0.172891,-2.50019,0.0698164,0.0141445,-0.18713
13.642,0.279716,0.344155,0.045352,-0.469414,0.172738,-2.50214,0.0701476,0.0157606,-0.186624
13.6591,0.279774,0.344118,0.0456307,-0.468178,0.173328,-2.4977,0.0700043,0.0165479,-0.186287
13.6808,0.279878,0.344064,0.0460457,-0.467513,0.173457,-2.49393,0.0705463,0.0175636,-0.186065
13.7002,0.27998,0.344008,0.0464011,-0.465528,0.174375,-2.49545,0.0706296,0.0188558,-0.18561
13.7193,0.280047,0.343933,0.0466647,-0.464715,0.175479,-2.49125,0.0705226,0.0194112,-0.185402
13.7402,0.280134,0.343897,0.0469205,-0.470394,0.184169,-2.47491,0.0705945,0.019745,-0.186252
13.7592,0.280204,0.343842,0.0471805,-0.467154,0.172944,-2.48319,0.0721372,0.0225899,-0.185348
13.7801,0.280243,0.343791,0.0473819,-0.469201,0.169113,-2.48346,0.0726632,0.0234266,-0.185372
13.8013,0.280296,0.343732,0.0476672,-0.470464,0.167224,-2.48398,0.0732622,0.024156,-0.185396
13.8214,0.280334,0.343678,0.0478937,-0.471045,0.167383,-2.48318,0.073,0.0247558,-0.185535
13.8417,0.280362,0.34363,0.0480673,-0.471804,0.167802,-2.48274,0.0730954,0.0249366,-0.185743
13.8644,0.280412,0.343564,0.0483288,-0.471759,0.168724,-2.48234,0.0731763,0.025313,-0.185881
13.8797,0.280428,0.343524,0.0484392,-0.471715,0.169556,-2.48186,0.0729136,0.025573,-0.185986
13.9023,0.280452,0.343455,0.048611,-0.472365,0.170282,-2.48135,0.073148,0.0257261,-0.18623
13.925,0.280476,0.343388,0.0487589,-0.472048,0.171488,-2.48144,0.0730549,0.02607,-0.186295
13.9402,0.280478,0.343329,0.0488222,-0.472061,0.172321,-2.48112,0.0728608,0.026249,-0.186388
13.9646,0.280479,0.343232,0.0489104,-0.472645,0.172547,-2.48007,0.0731693,0.0262377,-0.186624
13.9788,0.280476,0.343163,0.0489558,-0.472454,0.173798,-2.48147,0.0731254,0.0265202,-0.186636
14.0006,0.280449,0.343018,0.0489645,-0.47266,0.174304,-2.47925,0.0728689,0.0265306,-0.186839
14.0203,0.280422,0.342906,0.0489584,-0.473187,0.17466,-2.47965,0.0731864,0.0265124,-0.18701
14.0396,0.280391,0.342806,0.0489367,-0.473108,0.176601,-2.48276,0.0730852,0.0268865,-0.187005
14.0591,0.280336,0.342659,0.0488786,-0.473481,0.175814,-2.47835,0.072846,0.0266048,-0.187268
14.0803,0.280247,0.342449,0.0487573,-0.474115,0.177879,-2.48285,0.0732085,0.0268115,-0.187393
