0,0.5545,-3.32727e-12,0.508499,0,0,0,0,0,0
0.0213373,0.5545,-3.32727e-12,0.508499,0,0,0,0,0,0
0.0494087,0.5545,-3.32727e-12,0.508499,0,0,0,0,0,0
0.059617,0.5545,-3.32727e-12,0.508499,0,0,0,0,0,0
0.0830176,0.5545,-3.32727e-12,0.508499,0,0,0,0,0,0
0.100443,0.5545,-3.32727e-12,0.508499,0,0,0,0,0,0
0.120996,0.5545,-3.32727e-12,0.508499,0,0,0,0,0,0
0.140362,0.5545,-3.32727e-12,0.508499,0,0,0,0,0,0
0.160461,0.5545,-3.32727e-12,0.508499,0,0,0,0,0,0
0.180462,0.5545,-3.32727e-12,0.508499,0,0,0,0,0,0
0.199871,0.5545,-3.32727e-12,0.508499,0,0,0,0,0,0
0.220366,0.5545,-3.32727e-12,0.508499,0,0,0,0,0,0
0.240595,0.5545,-3.32727e-12,0.508499,0,0,0,0,0,0
0.260616,0.5545,-3.32727e-12,0.508499,0,0,0,0,0,0
0.279913,0.5545,-3.32727e-12,0.508499,0,0,0,0,0,0
0.29977,0.5545,-3.32727e-12,0.508499,0,0,0,0,0,0
0.320385,0.5545,-3.32727e-12,0.508499,0,0,0,0,0,0
0.340739,0.5545,-3.32727e-12,0.508499,0,0,0,0,0,0
0.360436,0.5545,-3.32727e-12,0.508499,0,0,0,0,0,0
0.379719,0.5545,-3.32727e-12,0.508499,0,0,0,0,0,0
0.400749,0.5545,-3.32727e-12,0.508499,0,0,0,0,0,0
0.420254,0.5545,-3.32727e-12,0.508499,0,0,0,0,0,0
0.44047,0.5545,-3.32727e-12,0.508499,0,0,0,0,0,0
0.4604,0.5545,-3.32727e-12,0.508499,0,0,0,0,0,0
0.479677,0.5545,-3.32727e-12,0.508499,0,0,0,0,0,0
0.501086,0.5545,-3.32727e-12,0.508499,0,0,0,0,0,0
0.519562,0.5545,-3.32727e-12,0.508499,0,0,0,0,0,0
0.540348,0.5545,-3.32727e-12,0.508499,0,0,0,0,0,0
0.560745,0.5545,-3.32727e-12,0.508499,0,0,0,0,0,0
0.579714,0.5545,-3.32727e-12,0.508499,0,0,0,0,0,0
0.600457,0.5545,-3.32727e-12,0.508499,0,0,0,0,0,0
0.620004,0.5545,-3.32727e-12,0.508499,0,0,0,0,0,0
0.640333,0.5545,-3.32727e-12,0.508499,0,0,0,0,0,0
0.659738,0.5545,-3.32727e-12,0.508499,0,0,0,0,0,0
0.680155,0.5545,-3.32727e-12,0.508499,0,0,0,0,0,0
0.700826,0.5545,-3.32727e-12,0.508499,0,0,0,0,0,0
0.721357,0.5545,-3.32727e-12,0.508499,0,0,0,0,0,0
0.741067,0.5545,-3.32727e-12,0.508499,0,0,0,0,0,0
0.759902,0.5545,-3.32727e-12,0.508499,0,0,0,0,0,0
0.780532,0.5545,-3.32727e-12,0.508499,0,0,0,0,0,0
0.800038,0.5545,-3.32727e-12,0.508499,0,0,0,0,0,0
0.821854,0.5545,-3.32727e-12,0.508499,0,0,0,0,0,0
0.839776,0.5545,-3.32727e-12,0.508499,0,0,0,0,0,0
0.859697,0.5545,-3.32727e-12,0.508499,0,0,0,0,0,0
0.88035,0.5545,-3.32727e-12,0.508499,0,0,0,0,0,0
0.899697,0.5545,-3.32727e-12,0.508499,0,0,0,0,0,0
0.921342,0.5545,-3.32727e-12,0.508499,0,0,0,0,0,0
0.939842,0.5545,-3.32727e-12,0.508499,0,0,0,0,0,0
0.961833,0.5545,-3.32727e-12,0.508499,0,0,0,0,0,0
0.980178,0.5545,-3.32727e-12,0.508499,0,0,0,0,0,0
0.9997,0.5545,-3.32727e-12,0.508499,0,0,0,0,0,0
1.01976,0.5545,-3.32727e-12,0.508499,0,0,0,0,0,0
1.04069,0.5545,-3.32727e-12,0.508499,0,0,0,0,0,0
1.0595,0.5545,-3.32727e-12,0.508499,0,0,0,0,0,0
1.08003,0.5545,-3.32727e-12,0.508499,0,0,0,0,0,0
1.1001,0.5545,-3.32727e-12,0.508499,0,0,0,0,0,0
1.11989,0.5545,-3.32727e-12,0.508499,0,0,0,0,0,0
1.13959,0.5545,-3.32727e-12,0.508499,0,0,0,0,0,0
1.16215,0.5545,-3.32727e-12,0.508499,0,0,0,0,0,0
1.17977,0.5545,-3.32727e-12,0.508499,0,0,0,0,0,0
1.20008,0.5545,-3.32727e-12,0.508499,0,0,0,0,0,0
1.21986,0.5545,-3.32727e-12,0.508499,0,0,0,0,0,0
1.23981,0.5545,-3.32727e-12,0.508499,0,0,0,0,0,0
1.2598,0.5545,-3.32727e-12,0.508499,0,0,0,0,0,0
1.28028,0.5545,-3.32727e-12,0.508499,0,0,0,0,0,0
1.30187,0.554503,4.92179e-07,0.508497,0.0438627,0.00049891,-0.259228,-0.00165212,-0.0326383,8.01362e-05
1.32268,0.554541,5.96766e-06,0.508472,0.403881,0.00662991,-1.05066,-0.0145632,-0.0735874,0.000366623
1.33959,0.554642,1.83838e-05,0.50838,0.942518,0.0169401,-1.93377,-0.0348372,-0.0671256,0.000642042
1.36002,0.554846,3.84808e-05,0.508126,1.52807,0.0220321,-2.84145,-0.0560216,-0.0245347,0.000805697
1.38125,0.555133,6.07195e-05,0.507632,1.97047,0.00774729,-3.46662,-0.0672152,0.0291372,0.000804713
1.3995,0.555476,8.1492e-05,0.506841,2.2232,-0.028512,-3.68075,-0.0672637,0.072661,0.00071132
1.42477,0.555851,9.79964e-05,0.505729,2.25826,-0.0774639,-3.46043,-0.0592256,0.0946257,0.00058714
1.44043,0.556168,0.000106053,0.50462,2.12141,-0.115312,-3.02029,-0.0493515,0.0951383,0.000478703
1.46006,0.556543,0.000107206,0.503173,1.8069,-0.145364,-2.3404,-0.0364464,0.0806251,0.000351062
1.48037,0.556987,9.64112e-05,0.501379,1.31299,-0.152711,-1.49694,-0.0217332,0.0526729,0.000207235
1.50053,0.557461,7.25822e-05,0.49946,0.759636,-0.127147,-0.713031,-0.00878579,0.0202252,8.68418e-05
1.52082,0.557966,3.86366e-05,0.497486,0.252006,-0.0714683,-0.113659,0.000460589,-0.01028,2.22064e-05
1.54061,0.558496,6.10689e-07,0.495508,-0.118556,0.00314689,0.215689,0.00452336,-0.0355921,3.82392e-05
1.56071,0.559049,-3.36611e-05,0.493555,-0.290034,0.0797709,0.2223,0.00282274,-0.0552098,0.000138813
1.58322,0.559565,-5.45798e-05,0.491817,-0.246136,0.135186,-0.0768062,-0.00372946,-0.069179,0.00028519
1.6001,0.560106,-6.09666e-05,0.490077,-0.00421894,0.166187,-0.68934,-0.0151222,-0.0815337,0.000463145
1.62078,0.560758,-4.62039e-05,0.488084,0.571788,0.16557,-2.18164,-0.0370505,-0.143838,0.000761996
1.63977,0.561521,-3.10073e-06,0.485911,1.63862,0.132748,-4.06316,-0.0754582,-0.125797,0.0010345
1.66013,0.562401,5.80245e-05,0.483411,2.47226,0.061067,-5.02923,-0.102521,0.0179331,0.000862375
1.68001,0.563037,9.86901e-05,0.481411,2.60001,-0.0178038,-4.87787,-0.0989851,0.128026,0.000510137
1.7005,0.563954,0.000140775,0.477856,2.12431,-0.172583,-3.44122,-0.0570737,0.219755,-8.52078e-05
1.72095,0.564639,0.000149738,0.474292,1.37197,-0.296529,-1.66499,-0.00767163,0.165144,-0.000415253
1.741,0.565237,0.00013618,0.470568,0.818957,-0.342956,-0.760887,0.0163174,-0.0206278,-0.000355124
1.75981,0.565825,0.00011409,0.467165,0.772493,-0.288938,-0.883588,0.000768279,-0.142345,3.41585e-05
1.78024,0.566716,7.4942e-05,0.462956,0.772224,-0.127197,-1.25019,-0.0327635,-0.120465,0.000403247
1.80075,0.567638,2.27239e-05,0.459047,0.49835,0.0428655,-1.35909,-0.0416533,-0.0340162,0.000364179
1.82108,0.568545,-3.67021e-05,0.455029,0.203067,0.17871,-1.3111,-0.0301045,0.01576,0.000221289
1.83978,0.569289,-7.82574e-05,0.451307,0.185957,0.252383,-1.51893,-0.022066,-0.0145525,0.000260395
1.86067,0.570129,-9.10966e-05,0.446604,0.571595,0.276089,-1.96608,-0.0326787,-0.0438215,0.000523277
1.88123,0.570865,-6.6266e-05,0.44216,0.852586,0.228216,-2.0378,-0.0436359,-0.0163465,0.000613182
1.90096,0.571573,-2.21411e-05,0.437551,0.827838,0.115781,-1.79511,-0.0384968,0.0101419,0.000392821
1.92104,0.572233,2.76487e-05,0.432794,0.676774,-0.032687,-1.61865,-0.0246799,-0.00875739,2.35692e-05
1.94112,0.572855,7.54472e-05,0.427904,0.637278,-0.169345,-1.6819,-0.0196886,-0.0381663,-0.00025183
1.96133,0.573452,0.000111331,0.422883,0.64153,-0.256194,-1.68665,-0.0222669,-0.0309343,-0.000380864
1.98077,0.574012,0.000123025,0.41773,0.562134,-0.277778,-1.5935,-0.0225349,-0.0182875,-0.000447969
2.00114,0.574516,0.000106702,0.412451,0.475674,-0.232724,-1.64252,-0.021886,-0.0355645,-0.000447576
2.02099,0.574968,7.00735e-05,0.407043,0.496173,-0.130965,-1.80807,-0.027622,-0.0452869,-0.00029029
2.0411,0.575362,2.27728e-05,0.401496,0.511391,-0.000798612,-1.76967,-0.032635,-0.0229146,-4.94987e-05
2.06029,0.575678,-2.57211e-05,0.395813,0.443027,0.120553,-1.68176,-0.0312922,-0.0242813,0.000100872
2.08127,0.575901,-5.72378e-05,0.390582,0.428863,0.202114,-2.28918,-0.0390277,-0.107603,6.21972e-05
2.10129,0.576101,-6.84144e-05,0.384614,0.611903,0.243732,-1.88449,-0.0484243,0.0286052,0.000421529
2.12079,0.576149,-7.1813e-05,0.378516,0.304489,0.201763,-0.00833162,-0.00680573,0.174384,0.000466157
2.14231,0.575996,-6.60139e-05,0.372402,-0.107071,0.0979614,0.574522,0.0307234,0.00786025,-0.000149664
2.16131,0.575765,-3.39944e-05,0.366343,0.058753,-0.0109183,1.06955,0.0229564,0.00143842,0.000168222
2.18092,0.575494,-3.17755e-07,0.360402,-0.0371945,-0.112445,2.41469,0.0351516,0.107124,0.000471529
2.20038,0.575157,1.39726e-05,0.354662,-0.428828,-0.190315,2.95729,0.0602234,0.0393434,-6.01813e-05
2.22115,0.574805,1.69856e-05,0.349166,-0.487976,-0.208942,2.80544,0.0554979,-0.00195997,-0.000133501
2.24138,0.574461,7.75884e-06,0.343908,-0.455771,-0.165503,2.6382,0.0433529,0.0292091,0.000121484
2.25986,0.574174,-1.17074e-05,0.339859,-0.474647,-0.100156,2.45621,0.0399606,0.0467991,0.000178764
2.28057,0.573777,-4.52692e-05,0.334973,-0.444287,0.000677958,2.09866,0.0362815,0.0515285,0.000190986
2.29986,0.573374,-7.48875e-05,0.330718,-0.339333,0.0899679,1.76462,0.0307484,0.0513406,0.000302399
2.32021,0.572926,-9.62559e-05,0.326575,-0.224537,0.159211,1.38851,0.0229934,0.0393004,0.000394238
2.34145,0.572329,-0.000104306,0.321632,-0.0880387,0.195672,1.02491,0.0139127,0.0391364,0.000514511
2.36106,0.571861,-9.72248e-05,0.318104,-0.0366778,0.182181,0.764519,0.0109933,0.0264728,0.000432927
2.3806,0.571238,-7.40099e-05,0.313753,0.0223282,0.123096,0.576123,0.0075341,0.0373715,0.000369281
2.40144,0.570557,-4.3736e-05,0.30946,0.121039,0.0282586,1.05448,0.019165,0.112877,0.000496063
2.4202,0.569786,-1.80597e-05,0.305256,0.173723,-0.0805869,1.9165,0.0463099,0.151967,0.000414527
2.44036,0.568952,1.62622e-06,0.3012,0.1597,-0.167675,2.25728,0.0578872,0.076752,0.00013278
2.4601,0.568142,1.6499e-05,0.297328,0.168315,-0.203107,2.17212,0.0432361,0.0247115,0.000332077
2.48063,0.567398,1.67225e-05,0.293645,0.128494,-0.184667,2.18119,0.0346926,0.0523433,0.000628064
2.50103,0.56669,-3.9603e-06,0.290145,0.0403014,-0.124998,2.34664,0.0429376,0.100592,0.000618238
2.52137,0.566051,-3.43563e-05,0.287152,-0.00139523,-0.048827,2.4517,0.052078,0.113676,0.000510244
2.54038,0.565406,-6.45195e-05,0.284308,-0.0250336,0.0355192,2.15413,0.0483092,0.0583161,0.000375506
2.56109,0.564726,-8.42388e-05,0.281299,-0.110931,0.12403,1.09056,0.0160003,-0.0455969,0.000263242
2.58167,0.56404,-8.79793e-05,0.278097,-0.0682163,0.181857,0.428146,-0.00973576,0.0140668,0.000735572
2.60581,0.563384,-8.71779e-05,0.275234,0.0825357,0.170068,1.01571,0.0155116,0.168434,0.000964572
2.62053,0.56277,-8.53187e-05,0.27299,0.314917,0.115469,2.18373,0.057502,0.27218,0.00104349
2.63994,0.561891,-7.62024e-05,0.270331,0.686701,0.011053,3.8896,0.104459,0.299749,0.001171
2.66078,0.561005,-5.5019e-05,0.267957,0.852248,-0.09714,4.72977,0.115028,0.159879,0.00106174
2.6804,0.560309,-2.18927e-05,0.26595,0.623159,-0.169924,4.15685,0.074491,-0.0170766,0.00113017
2.70051,0.559901,5.89569e-06,0.264291,0.229101,-0.193383,3.13035,0.0361431,-0.0398136,0.00122921
2.72143,0.559702,1.17524e-05,0.262887,-0.261384,-0.167799,1.86771,0.0204799,-0.0075403,0.000458986
2.74106,0.559594,1.86491e-06,0.261866,-0.511747,-0.116008,0.83833,0.0119193,0.0211196,-0.000180407
2.76148,0.559388,-2.33883e-05,0.260496,-0.498917,-0.0167505,-0.231485,0.000106493,0.0546841,-0.000483617
2.77968,0.559108,-4.70989e-05,0.259339,-0.244592,0.0658484,-0.575373,-0.00389941,0.0758631,-0.000280256
2.7996,0.558669,-7.00387e-05,0.257993,0.133642,0.132961,-0.345341,0.00204452,0.0919499,0.000165494
2.81969,0.558137,-8.33343e-05,0.256614,0.463433,0.155769,0.37173,0.0164258,0.100224,0.000650141
2.83954,0.557578,-8.31999e-05,0.255268,0.657474,0.129157,1.30637,0.0335714,0.102685,0.00101969
2.86147,0.557013,-6.81592e-05,0.253918,0.695982,0.0539481,2.27142,0.0502196,0.102672,0.0012164
2.87989,0.556636,-4.84533e-05,0.252976,0.62425,-0.0252844,2.84676,0.0596906,0.102928,0.0012258
2.89981,0.55633,-2.56279e-05,0.252145,0.490015,-0.108181,3.18787,0.0651664,0.104391,0.0011175
2.91987,0.556145,-8.77782e-06,0.251559,0.350634,-0.16384,3.22873,0.0656154,0.105767,0.000970715
2.9406,0.556071,-3.00174e-06,0.251238,0.250028,-0.178281,3.06061,0.0623192,0.104643,0.000843511
2.96056,0.556071,-8.50127e-06,0.251094,0.173501,-0.15172,2.71284,0.0554386,0.0977556,0.000736786
2.9802,0.556141,-2.4169e-05,0.251146,0.0903916,-0.0880426,2.04452,0.0441993,0.0465183,0.000434675
3.00058,0.556251,-3.72282e-05,0.251293,-0.147683,-0.0167368,0.952758,0.0144945,-0.0457426,-2.28388e-05
3.0207,0.556451,-5.05338e-05,0.251536,-0.249945,0.0734652,-0.126316,-0.017519,-0.0392076,0.000181008
3.04043,0.556647,-6.37942e-05,0.251766,-0.285439,0.138102,-0.765228,-0.0216902,0.000854924,-8.70305e-05
3.67151,0.556678,-6.59842e-05,0.251805,-0.282691,0.146218,-0.849442,-0.0208438,0.00669534,-0.000158306
3.67501,0.556706,-6.78575e-05,0.25184,-0.275232,0.152561,-0.920017,-0.0198083,0.0115705,-0.000222924
3.67616,0.556719,-6.86557e-05,0.251856,-0.269607,0.155063,-0.950236,-0.0192575,0.0136588,-0.000252167
4.60734,0.55673,-6.93517e-05,0.251872,-0.262672,0.157115,-0.977099,-0.0187028,0.0155239,-0.000279125
4.62654,0.556751,-7.04161e-05,0.251901,-0.00161429,2.8221e-05,-0.999703,-1.84672e-05,-6.23612e-06,-1.51497e-06
4.63256,0.55676,-7.07834e-05,0.251914,-0.00155234,2.7761e-05,-0.9997,-1.83228e-05,-4.74096e-06,-1.47414e-06
4.63561,0.556769,-7.1038e-05,0.251926,-0.00149053,2.7297e-05,-0.999696,-1.8133e-05,-3.22832e-06,-1.43379e-06
4.63741,0.556778,-7.11768e-05,0.251937,-0.00142888,2.68202e-05,-0.999692,-1.78855e-05,-1.6931e-06,-1.39405e-06
4.63906,0.556786,-7.11962e-05,0.251948,-0.00136739,2.63237e-05,-0.999689,-1.75758e-05,-1.33485e-07,-1.35494e-06
4.64457,0.556793,-7.10932e-05,0.251958,-0.00130605,2.58043e-05,-0.999685,-1.7208e-05,1.4488e-06,-1.3164e-06
4.64711,0.5568,-7.0865e-05,0.251967,-0.00124483,2.52626e-05,-0.999681,-1.67939e-05,3.04872e-06,-1.27827e-06
4.64997,0.556806,-7.051e-05,0.251975,-0.00118366,2.47033e-05,-0.999677,-1.63519e-05,4.65867e-06,-1.24031e-06
4.65502,0.556812,-7.00278e-05,0.251982,-0.00112248,2.4134e-05,-0.999674,-1.59039e-05,6.2695e-06,-1.20227e-06
4.66058,0.556817,-6.94193e-05,0.251989,-0.00106124,2.35638e-05,-0.99967,-1.54726e-05,7.87184e-06,-1.16386e-06
4.66269,0.556822,-6.86866e-05,0.251995,-0.000999887,2.30021e-05,-0.999666,-1.50784e-05,9.45741e-06,-1.12486e-06
4.66543,0.556826,-6.78326e-05,0.252,-0.00093838,2.24564e-05,-0.999662,-1.47365e-05,1.10202e-05,-1.0851e-06
4.66705,0.556829,-6.68606e-05,0.252004,-0.000876706,2.19313e-05,-0.999659,-1.44549e-05,1.25574e-05,-1.04451e-06
4.66865,0.556832,-6.57741e-05,0.252007,-0.000814876,2.14275e-05,-0.999655,-1.42334e-05,1.40695e-05,-1.00312e-06
4.67146,0.556834,-6.4576e-05,0.25201,-0.000752921,2.09418e-05,-0.999651,-1.40634e-05,1.55607e-05,-9.61058e-07
4.67715,0.556836,-6.32683e-05,0.252012,-0.000690889,2.0468e-05,-0.999648,-1.39293e-05,1.7038e-05,-9.18521e-07
4.67916,0.556838,-6.1852e-05,0.252012,-0.000628839,1.99974e-05,-0.999644,-1.38104e-05,1.85103e-05,-8.75768e-07
4.68478,0.556839,-5.86903e-05,0.252012,-0.00050493,1.90298e-05,-0.999637,-1.35288e-05,2.1477e-05,-7.90666e-07
4.6887,0.556839,-5.69408e-05,0.25201,-0.000443168,1.85178e-05,-0.999633,-1.33265e-05,2.29873e-05,-7.48755e-07
4.69405,0.556838,-5.50747e-05,0.252008,-0.000381569,1.79818e-05,-0.99963,-1.3066e-05,2.45219e-05,-7.07441e-07
4.69682,0.556836,-5.30886e-05,0.252005,-0.000320132,1.74226e-05,-0.999626,-1.27438e-05,2.60815e-05,-6.66732e-07
4.69846,0.556835,-5.09792e-05,0.252001,-0.000258832,1.6845e-05,-0.999622,-1.2365e-05,2.76631e-05,-6.26536e-07
4.70015,0.556832,-4.87443e-05,0.251996,-0.000197625,1.62574e-05,-0.999618,-1.19422e-05,2.92605e-05,-5.86673e-07
4.70289,0.556829,-4.63826e-05,0.251991,-0.000136455,1.56699e-05,-0.999614,-1.1494e-05,3.08655e-05,-5.46895e-07
4.70493,0.556826,-4.38939e-05,0.251985,-7.52577e-05,1.50937e-05,-0.99961,-1.10423e-05,3.24687e-05,-5.06927e-07
4.70905,0.556822,-4.12794e-05,0.251977,-1.39753e-05,1.45383e-05,-0.999607,-1.06095e-05,3.40607e-05,-4.66499e-07
4.71177,0.556817,-3.85415e-05,0.25197,4.74399e-05,1.40101e-05,-0.999603,-1.02154e-05,3.5634e-05,-4.25386e-07
4.71465,0.556812,-3.56833e-05,0.251961,0.000109017,1.35112e-05,-0.999599,-9.87417e-06,3.71835e-05,-3.83439e-07
4.7177,0.556806,-3.27081e-05,0.251951,0.000170763,1.30389e-05,-0.999596,-9.59292e-06,3.87075e-05,-3.40607e-07
4.72131,0.5568,-2.96194e-05,0.251941,0.000232662,1.25858e-05,-0.999592,-9.37035e-06,4.02079e-05,-2.96943e-07
4.72405,0.556793,-2.64197e-05,0.25193,0.000294676,1.2141e-05,-0.999589,-9.19709e-06,4.16899e-05,-2.52595e-07
4.72893,0.556786,-2.31109e-05,0.251918,0.000356753,1.16918e-05,-0.999585,-9.05696e-06,4.31613e-05,-2.07787e-07
4.73168,0.556778,-1.96934e-05,0.251905,0.00041883,1.12257e-05,-0.999582,-8.92917e-06,4.46315e-05,-1.62786e-07
4.73337,0.556769,-1.61666e-05,0.251891,0.000480846,1.07325e-05,-0.999578,-8.79121e-06,4.61099e-05,-1.17866e-07
4.73525,0.55676,-1.25285e-05,0.251877,0.000542749,1.02055e-05,-0.999574,-8.62186e-06,4.7605e-05,-7.32689e-08
4.73706,0.556751,-8.7763e-06,0.251862,0.000604503,9.64314e-06,-0.999571,-8.40419e-06,4.91228e-05,-2.91731e-08
4.74228,0.556741,-4.90655e-06,0.251846,0.000666094,9.04924e-06,-0.999567,-8.1278e-06,5.06663e-05,1.43336e-08
4.74451,0.55673,-9.15895e-07,0.251829,0.00072753,8.43264e-06,-0.999563,-7.79026e-06,5.22347e-05,5.72657e-08
4.75361,0.556708,7.43926e-06,0.251793,0.000850079,7.18501e-06,-0.999555,-6.96265e-06,5.54273e-05,1.41956e-07
4.75586,0.556696,1.18069e-05,0.251774,0.000911302,6.58426e-06,-0.999551,-6.50488e-06,5.70354e-05,1.84179e-07
4.7607,0.556683,1.63013e-05,0.251754,0.000972574,6.01677e-06,-0.999547,-6.04611e-06,5.86388e-05,2.26693e-07
4.76342,0.556669,2.09209e-05,0.251733,0.00103395,5.49085e-06,-0.999543,-5.60838e-06,6.02288e-05,2.69767e-07
4.7652,0.556656,2.56633e-05,0.251711,0.00109547,5.00878e-06,-0.99954,-5.21073e-06,6.17982e-05,3.13617e-07
4.76687,0.556641,3.05251e-05,0.251689,0.00115717,4.56608e-06,-0.999536,-4.86662e-06,6.33433e-05,3.58376e-07
4.76856,0.556626,3.5503e-05,0.251665,0.00121903,4.15199e-06,-0.999533,-4.5821e-06,6.48635e-05,4.04073e-07
4.77131,0.556611,4.05938e-05,0.251641,0.00128104,3.75092e-06,-0.999529,-4.35495e-06,6.63619e-05,4.50632e-07
4.77673,0.556595,4.5795e-05,0.251616,0.00134315,3.34469e-06,-0.999526,-4.17503e-06,6.78448e-05,4.97881e-07
4.78101,0.556578,5.11051e-05,0.251591,0.00140532,2.91532e-06,-0.999522,-4.02563e-06,6.93207e-05,5.45578e-07
4.7864,0.556561,5.6524e-05,0.251564,0.00146746,2.44768e-06,-0.999519,-3.88575e-06,7.07992e-05,5.93445e-07
4.79064,0.556544,6.20528e-05,0.251537,0.00152953,1.93191e-06,-0.999515,-3.73303e-06,7.22897e-05,6.41204e-07
4.79439,0.556525,6.76936e-05,0.251509,0.00159147,1.36494e-06,-0.999511,-3.54674e-06,7.37998e-05,6.88616e-07
4.79712,0.556507,7.34496e-05,0.25148,0.00165326,7.51165e-07,-0.999508,-3.31069e-06,7.53348e-05,7.35519e-07
4.79886,0.556487,7.93242e-05,0.25145,0.00171489,1.02088e-07,-0.999504,-3.0154e-06,7.68963e-05,7.8184e-07
4.80049,0.556468,8.53206e-05,0.25142,0.00177637,-5.65114e-07,-0.999499,-2.65939e-06,7.84824e-05,8.27619e-07
4.80317,0.556447,9.14418e-05,0.251388,0.00183775,-1.22983e-06,-0.999495,-2.24939e-06,8.00879e-05,8.72992e-07
4.80484,0.556426,9.76895e-05,0.251356,0.00189907,-1.87087e-06,-0.999491,-1.79937e-06,8.17049e-05,9.18183e-07
4.80657,0.556405,0.000104064,0.251323,0.00196039,-2.46958e-06,-0.999487,-1.32867e-06,8.33241e-05,9.63468e-07
4.81618,0.556383,0.000110566,0.25129,0.00202179,-3.01275e-06,-0.999484,-8.59325e-07,8.49359e-05,1.00914e-06
4.822,0.55636,0.000117192,0.251255,0.00208331,-3.49484e-06,-0.99948,-4.13048e-07,8.65319e-05,1.05547e-06
4.824,0.556337,0.000123941,0.25122,0.00214499,-3.91916e-06,-0.999476,-8.27805e-09,8.81062e-05,1.10267e-06
4.82686,0.556314,0.000130808,0.251183,0.00220685,-4.29771e-06,-0.999473,3.4234e-07,8.96558e-05,1.15084e-06
4.82921,0.55629,0.000137791,0.251147,0.00226887,-4.6497e-06,-0.99947,6.3369e-07,9.11817e-05,1.2e-06
4.83485,0.556265,0.000144886,0.251109,0.00233103,-4.99881e-06,-0.999466,8.68885e-07,9.2688e-05,1.25006e-06
4.83757,0.55624,0.000152091,0.25107,0.00239329,-5.36982e-06,-0.999463,1.05884e-06,9.41821e-05,1.30082e-06
4.83943,0.556214,0.000159405,0.251031,0.00245557,-5.78492e-06,-0.99946,1.22081e-06,9.56729e-05,1.35202e-06
4.84393,0.556187,0.000166828,0.250991,0.00251782,-6.26037e-06,-0.999456,1.37598e-06,9.71701e-05,1.40337e-06
4.84898,0.556161,0.000174362,0.25095,0.00257999,-6.80407e-06,-0.999452,1.5466e-06,9.86829e-05,1.45459e-06
4.85399,0.556133,0.000182009,0.250908,0.00264201,-7.41416e-06,-0.999448,1.75294e-06,0.000100218,1.50545e-06
4.85673,0.556105,0.000189772,0.250865,0.00270388,-8.07913e-06,-0.999444,2.01049e-06,0.00010178,1.55579e-06
4.85836,0.556077,0.000197655,0.250822,0.00276559,-8.77913e-06,-0.99944,2.32785e-06,0.000103368,1.60556e-06
4.86025,0.556048,0.00020566,0.250778,0.00282717,-9.48857e-06,-0.999436,2.70559e-06,0.000104981,1.65482e-06
4.86486,0.556018,0.000213792,0.250733,0.00288866,-1.01796e-05,-0.999432,3.13613e-06,0.00010661,1.70372e-06
4.86682,0.555988,0.00022205,0.250687,0.00295011,-1.08259e-05,-0.999428,3.60485e-06,0.000108249,1.75251e-06
4.86952,0.555957,0.000230436,0.250641,0.00301159,-1.14068e-05,-0.999424,4.09203e-06,0.000109887,1.80147e-06
4.87506,0.555894,0.000247586,0.250545,0.00313488,-1.23349e-05,-0.999416,5.03408e-06,0.000113126,1.9011e-06
4.87989,0.555862,0.000256345,0.250496,0.00319676,-1.2691e-05,-0.999413,5.44965e-06,0.000114714,1.95223e-06
4.8831,0.555829,0.000265222,0.250446,0.00325883,-1.29988e-05,-0.99941,5.81042e-06,0.000116278,2.00442e-06
4.88711,0.555795,0.000274213,0.250396,0.00332106,-1.32863e-05,-0.999406,6.11219e-06,0.000117819,2.05764e-06
4.8899,0.555762,0.000283317,0.250344,0.00338341,-1.35849e-05,-0.999403,6.35895e-06,0.000119343,2.1118e-06
4.89163,0.555727,0.00029253,0.250292,0.00344585,-1.39251e-05,-0.9994,6.56238e-06,0.000120859,2.16667e-06
4.89344,0.555692,0.000301853,0.250239,0.0035083,-1.4332e-05,-0.999396,6.74026e-06,0.000122375,2.22199e-06
4.89686,0.555656,0.000311286,0.250185,0.00357069,-1.48215e-05,-0.999393,6.91403e-06,0.000123901,2.27746e-06
4.90037,0.55562,0.00032083,0.250131,0.00363299,-1.53979e-05,-0.999389,7.10583e-06,0.000125446,2.33279e-06
4.90308,0.555584,0.000330488,0.250075,0.00369514,-1.60532e-05,-0.999385,7.33552e-06,0.000127016,2.38774e-06
4.90671,0.555546,0.000340264,0.250019,0.00375714,-1.67677e-05,-0.99938,7.61791e-06,0.000128614,2.44218e-06
4.9109,0.555509,0.000350161,0.249962,0.00381898,-1.75128e-05,-0.999376,7.96076e-06,0.000130238,2.49606e-06
4.91357,0.55547,0.000360182,0.249905,0.0038807,-1.82546e-05,-0.999372,8.36373e-06,0.000131885,2.54945e-06
4.91898,0.555431,0.00037033,0.249846,0.00394235,-1.89587e-05,-0.999368,8.81841e-06,0.000133548,2.60252e-06
4.92184,0.555392,0.000380605,0.249787,0.00400399,-1.9595e-05,-0.999363,9.30952e-06,0.000135216,2.65554e-06
4.94235,0.555144,0.000444867,0.249414,0.00437636,-2.1678e-05,-0.999343,1.19138e-05,0.000144932,2.98759e-06
4.95965,0.55483,0.000525039,0.248943,0.00481379,-2.52335e-05,-0.999316,1.35732e-05,0.000155994,3.40549e-06
4.98096,0.554539,0.000598458,0.248508,0.00518548,-2.89683e-05,-0.999291,1.64328e-05,0.000166149,3.75512e-06
5.00006,0.554174,0.000689645,0.247965,0.0056242,-3.06565e-05,-0.999269,1.88449e-05,0.000177457,4.19554e-06
5.02095,0.553783,0.000786478,0.247383,0.00606114,-3.56629e-05,-0.999238,2.13278e-05,0.000189293,4.64814e-06
5.04485,0.553303,0.000904611,0.246672,0.00656252,-3.75734e-05,-0.999211,2.50504e-05,0.000202856,5.1787e-06
5.06032,0.55292,0.000998057,0.246105,0.00694034,-4.11662e-05,-0.999186,2.67957e-05,0.000213022,5.60795e-06
5.07967,0.552447,0.00111272,0.245409,0.00737858,-4.45503e-05,-0.999158,3.05994e-05,0.000225552,6.09963e-06
5.10283,0.551874,0.00125096,0.244567,0.0078857,-4.67698e-05,-0.99913,3.34265e-05,0.000239352,6.71422e-06
5.11949,0.55142,0.00135967,0.243903,0.00826305,-5.10804e-05,-0.999103,3.64604e-05,0.000250454,7.17816e-06
5.14136,0.551027,0.00145376,0.243329,0.00857995,-5.12077e-05,-0.999087,3.92921e-05,0.000259535,7.5723e-06
5.16295,0.550369,0.00161036,0.242371,0.00908952,-5.52049e-05,-0.999054,4.22708e-05,0.000274135,8.25852e-06
5.18004,0.54994,0.00171228,0.241747,0.00940589,-5.77559e-05,-0.999033,4.53863e-05,0.000283825,8.68056e-06
5.20016,0.549406,0.0018387,0.240974,0.00979028,-5.72371e-05,-0.999015,4.85879e-05,0.000295031,9.21266e-06
5.22037,0.548662,0.00201388,0.239901,0.0103017,-6.27551e-05,-0.998978,5.23057e-05,0.000310673,9.97082e-06
5.24131,0.548081,0.00215064,0.239065,0.0106861,-6.27297e-05,-0.998958,5.64273e-05,0.000322618,1.05311e-05
5.26336,0.547377,0.00231563,0.238056,0.0111388,-6.48628e-05,-0.998931,5.96057e-05,0.000336442,1.12514e-05
5.28181,0.546751,0.0024619,0.237163,0.0115238,-6.84524e-05,-0.998903,6.35992e-05,0.000349081,1.18685e-05
5.30157,0.546105,0.00261277,0.236243,0.0119135,-6.67911e-05,-0.998886,6.76452e-05,0.0003614,1.24975e-05
5.32214,0.545212,0.00282063,0.234977,0.012433,-7.18988e-05,-0.998848,7.20042e-05,0.000378497,1.34165e-05
5.34026,0.544518,0.00298197,0.233997,0.0128231,-7.13499e-05,-0.998827,7.68861e-05,0.00039165,1.40843e-05
5.36373,0.543682,0.00317574,0.232821,0.0132831,-7.21578e-05,-0.998801,8.09705e-05,0.00040687,1.49431e-05
5.38086,0.542818,0.00337568,0.231611,0.01374,-7.571e-05,-0.998768,8.64053e-05,0.000423068,1.58125e-05
5.40038,0.542184,0.00352239,0.230725,0.0140703,-7.30405e-05,-0.998755,9.05262e-05,0.000434408,1.64325e-05
5.42171,0.541271,0.00373282,0.229456,0.0145333,-7.66516e-05,-0.998722,9.49799e-05,0.000450805,1.74007e-05
5.44451,0.54033,0.00394965,0.228154,0.0149957,-7.64308e-05,-0.998696,0.000101544,0.000467824,1.83328e-05
5.4616,0.53964,0.00410831,0.227203,0.0153304,-7.44497e-05,-0.99868,0.000105475,0.000479777,1.90399e-05
5.48523,0.538362,0.00440175,0.225449,0.0159293,-7.91981e-05,-0.998636,0.000113067,0.000502609,2.03929e-05
5.50314,0.537632,0.00456938,0.224452,0.0162655,-7.53595e-05,-0.998624,0.00011819,0.000515243,2.11149e-05
5.52361,0.536736,0.00477455,0.223233,0.0166705,-7.69046e-05,-0.998597,0.00012289,0.00053073,2.20954e-05
5.54031,0.535664,0.00501983,0.221781,0.0171408,-7.82724e-05,-0.998566,0.000130261,0.000549649,2.32163e-05
5.56143,0.534562,0.00527142,0.220297,0.017618,-7.39445e-05,-0.998546,0.000137329,0.000568361,2.43647e-05
5.58083,0.533433,0.00552913,0.218782,0.018093,-7.83792e-05,-0.998508,0.000144224,0.000588109,2.56268e-05
5.60475,0.532105,0.0058316,0.217013,0.0186417,-7.16946e-05,-0.998487,0.000153904,0.000610707,2.69857e-05
5.62093,0.531428,0.00598578,0.216114,0.0189171,-7.3135e-05,-0.998468,0.000157731,0.000622286,2.77665e-05
5.64125,0.529691,0.00638047,0.213822,0.0196051,-7.06965e-05,-0.998429,0.000170516,0.000652221,2.96194e-05
5.6611,0.528801,0.00658258,0.212654,0.0199538,-6.81923e-05,-0.998412,0.000176296,0.000667227,3.0607e-05
5.6811,0.527895,0.00678783,0.211471,0.0203003,-7.18513e-05,-0.998384,0.000182078,0.000682902,3.16747e-05
5.70216,0.526602,0.00708083,0.209789,0.0207886,-6.56507e-05,-0.998364,0.000192548,0.000704997,3.30168e-05
5.72026,0.52566,0.00729385,0.208571,0.0211411,-6.31331e-05,-0.998347,0.000198922,0.000720883,3.40811e-05
5.74672,0.523927,0.00768539,0.206341,0.0217725,-6.38515e-05,-0.998306,0.000211933,0.000750795,3.6046e-05
5.75953,0.523055,0.00787997,0.205215,-0.0230313,0.00207546,-0.975943,-0.00011282,-0.00106336,-0.000127072
5.78074,0.522657,0.00796676,0.204713,-0.00131827,-8.81107e-05,-0.997403,2.33477e-05,-6.11166e-05,-1.03884e-05
5.80251,0.522568,0.00800235,0.204726,-0.00294572,-2.45128e-05,-0.999002,-5.81301e-05,-0.000288681,-1.4904e-05
5.81999,0.522554,0.00801778,0.204812,-0.00347613,-1.05306e-05,-0.999029,-7.13551e-05,-0.000330409,-1.65998e-05
5.84086,0.522544,0.00803951,0.204943,-0.00356662,-2.73936e-05,-0.998949,-2.75643e-05,-0.000273247,-1.65746e-05
5.85992,0.522533,0.00806105,0.205077,-0.00318547,-1.79784e-05,-0.998981,-6.92789e-05,-0.000283986,-1.4345e-05
5.8795,0.522523,0.00807627,0.205161,-0.00300056,-2.64644e-05,-0.998907,-1.26198e-05,-0.000202888,-1.37467e-05
5.90022,0.522508,0.0080939,0.205244,-0.0027054,-2.45195e-05,-0.998905,-3.28342e-05,-0.000197565,-1.2084e-05
5.92359,0.522494,0.00810658,0.205303,-0.00250005,-2.56142e-05,-0.998913,-3.37903e-05,-0.000180609,-1.1093e-05
5.94097,0.522481,0.00811802,0.205345,-0.00242444,-3.46159e-05,-0.99885,1.27093e-05,-0.000120299,-1.09541e-05
5.96004,0.522462,0.00813343,0.205394,-0.00219834,-2.26694e-05,-0.998878,-2.53708e-05,-0.000143881,-9.70049e-06
5.98183,0.522442,0.00814711,0.205435,-0.00209629,-3.75629e-05,-0.998861,7.59893e-07,-0.000103289,-9.25303e-06
6.00081,0.522424,0.00816042,0.205463,-0.00201721,-3.14908e-05,-0.998818,1.89767e-05,-7.69933e-05,-9.0967e-06
6.02043,0.5224,0.00817578,0.205495,-0.0018515,-3.33191e-05,-0.998877,-1.87338e-05,-0.000103698,-8.03079e-06
6.04039,0.522384,0.00818607,0.205511,-0.00185715,-4.37611e-05,-0.998826,2.70517e-05,-5.16765e-05,-8.30351e-06
6.06325,0.522357,0.00820291,0.205532,-0.00171566,-2.69478e-05,-0.998856,-1.09902e-05,-8.45003e-05,-7.59249e-06
6.08115,0.522338,0.00821429,0.205545,-0.00169024,-4.39043e-05,-0.99886,4.68342e-06,-6.19613e-05,-7.42736e-06
6.10069,0.522318,0.00822761,0.205556,-0.00168349,-3.96242e-05,-0.998809,3.46465e-05,-2.93178e-05,-7.72197e-06
6.12062,0.522292,0.00824373,0.205568,-0.00156262,-3.71079e-05,-0.998881,-1.41498e-05,-7.33909e-05,-6.87646e-06
6.14039,0.522279,0.00825199,0.205573,-0.00158848,-4.91071e-05,-0.998854,1.90144e-05,-3.69922e-05,-7.13822e-06
6.16056,0.522258,0.00826592,0.205579,-0.00156962,-3.93045e-05,-0.99882,3.03198e-05,-2.50369e-05,-7.30466e-06
6.18273,0.522232,0.0082825,0.205585,-0.00148296,-4.37439e-05,-0.998889,-6.31009e-06,-5.75445e-05,-6.64661e-06
6.20158,0.522216,0.00829393,0.205588,-0.00152559,-5.20617e-05,-0.99884,3.79737e-05,-1.1135e-05,-7.1286e-06
6.22754,0.522186,0.00831475,0.205592,-0.00142295,-3.8876e-05,-0.998892,-1.06056e-05,-5.88071e-05,-6.52239e-06
6.24008,0.52217,0.00832576,0.205594,-0.0014422,-5.20722e-05,-0.998886,1.39671e-05,-3.13788e-05,-6.70253e-06
6.26081,0.522147,0.00834349,0.205596,-0.00144623,-4.60549e-05,-0.998844,3.13975e-05,-1.39732e-05,-6.97913e-06
6.28276,0.522118,0.00836437,0.205598,-0.00138489,-5.19694e-05,-0.998907,5.82932e-06,-3.66109e-05,-6.54651e-06
6.3012,0.522098,0.00838017,0.205598,-0.00142423,-5.3956e-05,-0.998852,4.30838e-05,1.14346e-06,-7.03373e-06
6.31971,0.522083,0.00839305,0.205598,-0.00135628,-4.55676e-05,-0.998896,2.19106e-06,-3.98624e-05,-6.55055e-06
6.34526,0.522058,0.00841294,0.205598,-0.00137069,-5.78914e-05,-0.998901,2.73888e-05,-1.20267e-05,-6.78202e-06
6.35992,0.522045,0.00842428,0.205598,-0.001388,-5.6948e-05,-0.998866,4.32886e-05,3.7632e-06,-7.01235e-06
6.38018,0.522017,0.00844798,0.205597,-0.00129793,-5.25781e-05,-0.998944,-6.77748e-06,-4.53293e-05,-6.38731e-06
6.40145,0.522002,0.00846185,0.205597,-0.00134894,-6.08468e-05,-0.998903,3.70709e-05,-3.61749e-07,-6.9164e-06
6.42194,0.521984,0.00847961,0.205596,-0.00132244,-5.5951e-05,-0.998899,2.04765e-05,-1.7231e-05,-6.74716e-06
6.43994,0.521963,0.00849862,0.205595,-0.00127473,-5.68475e-05,-0.998956,8.7322e-07,-3.56926e-05,-6.50058e-06
6.45973,0.521945,0.0085168,0.205594,-0.00133031,-6.36833e-05,-0.998899,4.51785e-05,9.3571e-06,-7.05072e-06
6.48374,0.521925,0.00853778,0.205593,-0.00125134,-5.75035e-05,-0.998956,-6.13094e-06,-4.17756e-05,-6.43389e-06
6.5012,0.521905,0.00855849,0.205591,-0.00128254,-6.37535e-05,-0.998942,3.11171e-05,-3.51591e-06,-6.91627e-06
6.51971,0.521893,0.00857164,0.20559,-0.00130165,-6.6585e-05,-0.99891,4.30044e-05,8.67485e-06,-7.0555e-06
6.54087,0.521868,0.00859934,0.205588,-0.00121562,-6.07708e-05,-0.998988,-4.44305e-06,-3.83654e-05,-6.51518e-06
6.56059,0.521853,0.0086156,0.205587,-0.00126821,-6.73128e-05,-0.998944,3.98465e-05,6.57273e-06,-7.07209e-06
6.58053,0.521836,0.00863607,0.205586,-0.00124375,-6.88129e-05,-0.998945,1.78808e-05,-1.47888e-05,-6.7729e-06
6.60126,0.521815,0.00866165,0.205584,-0.00120809,-6.46766e-05,-0.998992,1.36389e-05,-1.89516e-05,-6.81445e-06
6.62161,0.521798,0.008683,0.205582,-0.00125293,-7.35837e-05,-0.998938,4.24223e-05,1.08401e-05,-7.1256e-06
6.6413,0.521785,0.00870026,0.205581,-0.00118967,-7.07174e-05,-0.998989,-1.41795e-06,-3.25666e-05,-6.58373e-06
6.66108,0.521767,0.00872401,0.205579,-0.0011971,-6.80693e-05,-0.998995,2.50521e-05,-6.3724e-06,-7.02422e-06
6.68185,0.521751,0.00874648,0.205577,-0.00122285,-7.80552e-05,-0.998955,3.52979e-05,5.22643e-06,-7.07093e-06
6.69973,0.521731,0.00877468,0.205575,-0.00114463,-6.84183e-05,-0.999031,-2.04033e-06,-3.24641e-05,-6.7246e-06
6.71959,0.52171,0.00880527,0.205573,-0.00120757,-8.10515e-05,-0.998966,4.16637e-05,1.26314e-05,-7.21174e-06
6.73958,0.521693,0.00883132,0.205571,-0.00112358,-7.43839e-05,-0.99904,-9.22347e-06,-3.80876e-05,-6.63984e-06
6.76187,0.521671,0.00886649,0.205568,-0.00118766,-8.2701e-05,-0.998981,4.5486e-05,1.73028e-05,-7.33704e-06
6.78077,0.521656,0.00889022,0.205566,-0.00112228,-8.31434e-05,-0.999033,-3.1963e-06,-3.03285e-05,-6.71043e-06
6.80268,0.521637,0.0089217,0.205564,-0.00114346,-7.66682e-05,-0.999021,3.73338e-05,9.03639e-06,-7.38634e-06
6.81952,0.521618,0.00895524,0.205561,-0.00111575,-8.9723e-05,-0.999033,3.74219e-06,-2.19541e-05,-6.83003e-06
6.84112,0.5216,0.00898772,0.205559,-0.00110907,-7.64066e-05,-0.999046,2.97401e-05,2.11387e-06,-7.38905e-06
6.86225,0.521578,0.0090311,0.205556,-0.00107949,-9.13059e-05,-0.999061,-4.21715e-06,-2.88441e-05,-6.82124e-06
6.88251,0.52156,0.00906539,0.205553,-0.00110152,-8.15991e-05,-0.999045,3.92336e-05,1.28039e-05,-7.5704e-06
6.90167,0.521547,0.00909286,0.205551,-0.00110452,-0.00010095,-0.999032,2.17165e-05,-1.545e-06,-7.15566e-06
6.91982,0.521532,0.00912326,0.205549,-0.00103623,-8.03403e-05,-0.999096,2.59592e-06,-2.29262e-05,-7.18448e-06
6.93991,0.521519,0.00915124,0.205547,-0.00110137,-9.32578e-05,-0.999036,4.70533e-05,2.27202e-05,-7.66469e-06
6.96037,0.521509,0.00917477,0.205545,-0.00106954,-0.00010516,-0.999058,1.05847e-05,-1.12266e-05,-7.08552e-06
6.97971,0.521495,0.00920648,0.205543,-0.00102281,-8.10261e-05,-0.999102,1.31009e-05,-1.19071e-05,-7.44549e-06
7.00164,0.52148,0.00924082,0.20554,-0.00108355,-0.000106315,-0.999042,3.8664e-05,1.69052e-05,-7.54221e-06
7.01947,0.521467,0.00927396,0.205538,-0.000996297,-9.31428e-05,-0.999119,-7.49842e-06,-2.99065e-05,-7.12969e-06
7.0403,0.521453,0.00930846,0.205535,-0.00105373,-9.49722e-05,-0.999067,4.64855e-05,2.34325e-05,-7.87458e-06
7.06042,0.521439,0.00934378,0.205533,-0.00101349,-0.000111754,-0.999099,2.20717e-07,-1.92489e-05,-7.13222e-06
7.08566,0.521423,0.0093888,0.205529,-0.0010223,-9.27141e-05,-0.99909,4.27885e-05,1.99613e-05,-7.97476e-06
7.09951,0.521417,0.00940481,0.205528,-0.00104725,-0.000110683,-0.999065,4.41316e-05,2.38668e-05,-7.81109e-06
7.12531,0.521406,0.00943574,0.205526,-0.00097809,-0.00011122,-0.999125,-6.07837e-06,-2.48961e-05,-7.19403e-06
7.14046,0.521396,0.00946657,0.205524,-0.000974899,-8.80991e-05,-0.999125,2.7197e-05,4.48323e-06,-7.94503e-06
7.1602,0.521385,0.0094995,0.205521,-0.00102692,-0.000120572,-0.999076,3.68403e-05,1.86397e-05,-7.75192e-06
7.18173,0.521371,0.00954174,0.205518,-0.000933367,-9.60152e-05,-0.999157,-3.58344e-07,-2.08894e-05,-7.60405e-06
7.19996,0.521359,0.00958075,0.205515,-0.00100677,-0.000113001,-0.99909,4.75606e-05,2.84294e-05,-8.09462e-06
7.2196,0.521351,0.00960877,0.205513,-0.000972917,-0.000128887,-0.99912,6.47667e-06,-9.1875e-06,-7.43448e-06
7.24352,0.521338,0.00965279,0.20551,-0.000937183,-9.30118e-05,-0.999146,2.97227e-05,8.54891e-06,-8.2048e-06
7.26014,0.52133,0.00968219,0.205508,-0.000992954,-0.000124742,-0.999096,4.31024e-05,2.6185e-05,-8.06283e-06
7.28438,0.521317,0.00972768,0.205505,-0.000898188,-0.000107569,-0.999177,-4.76006e-06,-2.25785e-05,-7.70063e-06
7.30133,0.521307,0.00976905,0.205502,-0.000962291,-0.000113627,-0.999118,4.86797e-05,3.03908e-05,-8.38804e-06
7.32019,0.521299,0.00979923,0.2055,-0.000952709,-0.000140649,-0.999128,1.45987e-05,1.2611e-06,-7.70746e-06
7.34215,0.521289,0.00984015,0.205497,-0.000879271,-9.87274e-05,-0.999184,1.1711e-05,-7.3609e-06,-8.19284e-06
7.36039,0.521278,0.00988375,0.205494,-0.000958623,-0.000134832,-0.999116,4.22796e-05,2.75882e-05,-8.25095e-06
7.38176,0.521269,0.00992637,0.205491,-0.00086979,-0.000121697,-0.999192,-6.99698e-06,-2.18401e-05,-7.82234e-06
7.40112,0.521259,0.00997017,0.205488,-0.000914651,-0.000113235,-0.999147,4.74156e-05,2.97932e-05,-8.68545e-06
7.42022,0.521251,0.0100089,0.205485,-0.000917974,-0.000151115,-0.999149,1.29142e-05,1.94186e-06,-7.89919e-06
7.43983,0.521244,0.0100463,0.205482,-0.000839539,-0.000108372,-0.999208,4.73623e-06,-1.19531e-05,-8.31219e-06
7.46045,0.521234,0.0100925,0.205479,-0.000921734,-0.000136573,-0.999137,4.72641e-05,3.33065e-05,-8.6157e-06
7.48001,0.521227,0.0101318,0.205476,-0.000865203,-0.000146614,-0.999189,-3.63378e-06,-1.42299e-05,-7.92114e-06
7.50353,0.521217,0.0101846,0.205472,-0.000865236,-0.000112755,-0.999177,4.39e-05,2.69211e-05,-8.98017e-06
7.52089,0.521209,0.0102327,0.205469,-0.000884463,-0.000161768,-0.999169,1.12919e-05,2.63309e-06,-8.11665e-06
7.54112,0.521202,0.0102727,0.205466,-0.000803932,-0.000113341,-0.999226,7.03599e-06,-8.29152e-06,-8.64216e-06
7.56194,0.521191,0.0103431,0.205461,-0.000882646,-0.000167502,-0.999165,2.07837e-05,1.28744e-05,-8.35242e-06
7.5801,0.521185,0.0103844,0.205458,-0.000789129,-0.000124032,-0.999236,6.4924e-08,-1.3137e-05,-8.60948e-06
7.59994,0.521177,0.0104349,0.205455,-0.000865175,-0.000141331,-0.999168,5.0263e-05,3.76415e-05,-9.13676e-06
7.62024,0.521169,0.0104925,0.20545,-0.000795659,-0.000148863,-0.999231,-6.42343e-06,-1.54858e-05,-8.42972e-06
7.64009,0.521165,0.0105286,0.205448,-0.000784618,-0.000112958,-0.999227,3.02132e-05,1.45409e-05,-9.35024e-06
7.66921,0.521157,0.0105889,0.205444,-0.000851741,-0.000179178,-0.999182,1.91099e-05,1.35e-05,-8.60196e-06
7.68396,0.521152,0.0106255,0.205441,-0.00076398,-0.000140491,-0.999249,-3.88114e-06,-1.39278e-05,-8.7648e-06
7.70174,0.521148,0.0106631,0.205438,-0.000784368,-0.00012021,-0.999221,4.08829e-05,2.60233e-05,-9.61751e-06
7.71963,0.521142,0.0107176,0.205434,-0.000836775,-0.000185132,-0.99919,1.82838e-05,1.38081e-05,-8.73774e-06
7.74128,0.521136,0.0107706,0.205431,-0.000736109,-0.000123598,-0.999259,1.20433e-05,-8.56946e-07,-9.38991e-06
7.76381,0.521131,0.0108263,0.205427,-0.000832382,-0.000170376,-0.999182,4.58914e-05,3.81483e-05,-9.40327e-06
7.78021,0.521126,0.0108814,0.205423,-0.000745884,-0.000159677,-0.999256,-5.57045e-06,-1.2229e-05,-8.95488e-06
7.80019,0.521121,0.0109292,0.205419,-0.000754374,-0.00012775,-0.999234,4.32545e-05,2.96825e-05,-9.99392e-06
7.82105,0.521116,0.010987,0.205415,-0.000807817,-0.000197263,-0.999205,1.66606e-05,1.44187e-05,-9.03306e-06
7.83965,0.521112,0.0110434,0.205411,-0.000703963,-0.000128997,-0.999273,1.47339e-05,2.89869e-06,-9.81093e-06
7.8606,0.521108,0.011094,0.205407,-0.000795141,-0.000169459,-0.999201,5.06797e-05,4.27823e-05,-9.90654e-06
7.87948,0.521103,0.0111692,0.205402,-0.000698554,-0.000152753,-0.99928,-8.12328e-07,-8.24141e-06,-9.56297e-06
7.90229,0.5211,0.0112118,0.205399,-0.000725938,-0.000135973,-0.999246,4.55641e-05,3.32435e-05,-1.03968e-05
7.9241,0.521097,0.0112644,0.205395,-0.00079202,-0.0002079,-0.999208,2.57197e-05,2.47796e-05,-9.49791e-06
7.94042,0.521094,0.0113156,0.205391,-0.000682862,-0.000155824,-0.999286,7.68966e-08,-6.77483e-06,-9.78612e-06
7.96067,0.521091,0.0113776,0.205387,-0.0007534,-0.000166632,-0.999222,5.32137e-05,4.48615e-05,-1.04366e-05
7.98097,0.521087,0.0114488,0.205382,-0.000703667,-0.000189082,-0.999273,-4.60011e-06,-6.25619e-06,-9.60759e-06
8.00082,0.521085,0.0115116,0.205377,-0.000699136,-0.000144946,-0.999256,4.78018e-05,3.66978e-05,-1.08284e-05
8.02296,0.521082,0.0115673,0.205373,-0.000766741,-0.000221494,-0.999219,2.4128e-05,2.53811e-05,-9.85346e-06
8.04011,0.52108,0.01164,0.205368,-0.000643462,-0.000140654,-0.999297,2.04416e-05,1.04349e-05,-1.07564e-05
8.06375,0.521078,0.0116969,0.205364,-0.000746716,-0.000195605,-0.99922,5.04239e-05,4.63092e-05,-1.06454e-05
8.08084,0.521076,0.0117442,0.20536,-0.000721527,-0.000223164,-0.999253,4.01561e-06,6.90444e-06,-9.88576e-06
8.10213,0.521075,0.0118099,0.205355,-0.000637706,-0.000141356,-0.999293,3.27483e-05,2.20717e-05,-1.11931e-05
8.12202,0.521074,0.0118589,0.205352,-0.000735728,-0.000202678,-0.999224,5.02797e-05,4.71094e-05,-1.08503e-05
8.14346,0.521073,0.0119266,0.205347,-0.00066035,-0.000201658,-0.999291,-3.93512e-06,-3.48088e-06,-1.03066e-05
8.16052,0.521072,0.0119952,0.205341,-0.000662194,-0.000159965,-0.999268,5.10017e-05,4.16589e-05,-1.15347e-05
8.18022,0.521071,0.0120557,0.205337,-0.000731598,-0.000242702,-0.999234,2.17633e-05,2.62191e-05,-1.04599e-05
8.20026,0.521071,0.012135,0.205331,-0.000601699,-0.000150428,-0.999311,2.4967e-05,1.60606e-05,-1.15645e-05
8.22017,0.52107,0.0122074,0.205326,-0.000725853,-0.000233309,-0.999226,4.19837e-05,4.35211e-05,-1.10586e-05
8.23992,0.52107,0.012289,0.205319,-0.00059474,-0.000174753,-0.99932,6.40368e-06,2.31694e-06,-1.13464e-05
8.2606,0.52107,0.0123735,0.205313,-0.000705604,-0.000225237,-0.999233,4.966e-05,4.93118e-05,-1.15201e-05
8.27983,0.521071,0.0124366,0.205308,-0.00064548,-0.00023214,-0.999291,-2.21296e-06,2.53166e-06,-1.09285e-05
8.30198,0.521072,0.0125109,0.205303,-0.000605774,-0.000164102,-0.999293,4.78158e-05,3.88344e-05,-1.23637e-05
8.32068,0.521072,0.0125658,0.205298,-0.000707056,-0.000249392,-0.999232,4.08611e-05,4.44218e-05,-1.15284e-05
8.34445,0.521074,0.0126305,0.205293,-0.000606589,-0.000218484,-0.99931,-2.31346e-06,4.53257e-07,-1.14063e-05
8.36098,0.521075,0.0126962,0.205288,-0.000595056,-0.000169397,-0.999295,4.90999e-05,4.05324e-05,-1.26571e-05
8.37955,0.521076,0.0127639,0.205283,-0.000699168,-0.000268565,-0.999237,2.96595e-05,3.66632e-05,-1.15734e-05
8.40226,0.521078,0.0128302,0.205278,-0.000570912,-0.000202676,-0.999325,2.49656e-06,2.51369e-06,-1.19862e-05
8.42308,0.52108,0.01291,0.205272,-0.00063701,-0.000208908,-0.999262,5.74513e-05,5.33986e-05,-1.27396e-05
8.4421,0.521081,0.0129791,0.205266,-0.000662239,-0.000275799,-0.999265,8.39187e-06,1.81214e-05,-1.16381e-05
8.46219,0.521084,0.0130591,0.20526,-0.000540017,-0.000169489,-0.999326,3.28605e-05,2.52402e-05,-1.31251e-05
8.48054,0.521086,0.0131184,0.205256,-0.000653769,-0.000238179,-0.999248,5.50057e-05,5.4908e-05,-1.28082e-05
8.50077,0.521088,0.0131892,0.20525,-0.000626549,-0.000270297,-0.999286,1.2435e-06,1.0681e-05,-1.19855e-05
8.52197,0.521092,0.013284,0.205243,-0.000566055,-0.000186803,-0.999299,5.28425e-05,4.54236e-05,-1.36027e-05
8.54039,0.521095,0.0133573,0.205237,-0.000674634,-0.000293847,-0.999242,2.74062e-05,3.73754e-05,-1.24112e-05
8.56134,0.521099,0.0134415,0.20523,-0.000518526,-0.00019571,-0.999338,1.43245e-05,1.16632e-05,-1.33406e-05
8.58407,0.521103,0.0135413,0.205222,-0.000659243,-0.000276686,-0.999238,4.76246e-05,5.27954e-05,-1.31528e-05
8.60084,0.521106,0.0136033,0.205217,-0.000606267,-0.000282417,-0.99929,9.76069e-07,1.16928e-05,-1.26499e-05
8.62253,0.521112,0.0137165,0.205208,-0.000578664,-0.000218541,-0.999279,5.91824e-05,5.4624e-05,-1.4175e-05
8.64067,0.521115,0.0137809,0.205203,-0.000660712,-0.000311463,-0.999242,2.59087e-05,3.77557e-05,-1.30401e-05
8.65998,0.521119,0.0138571,0.205197,-0.000511556,-0.000221955,-0.999336,8.03409e-06,9.12694e-06,-1.37934e-05
8.68197,0.521125,0.0139751,0.205187,-0.000648343,-0.000295806,-0.999236,4.67291e-05,5.3667e-05,-1.38005e-05
8.70131,0.521131,0.0140666,0.205179,-0.00052514,-0.000248891,-0.999326,2.60154e-06,7.74935e-06,-1.38719e-05
8.72058,0.521136,0.0141466,0.205173,-0.000535588,-0.000213993,-0.999295,5.75232e-05,5.1395e-05,-1.50338e-05
8.7401,0.521142,0.0142415,0.205165,-0.000633987,-0.000328587,-0.999253,1.39691e-05,2.86438e-05,-1.36392e-05
8.76091,0.521148,0.0143357,0.205157,-0.000472912,-0.00020082,-0.999337,3.15919e-05,2.61267e-05,-1.52297e-05
8.78486,0.521156,0.0144609,0.205147,-0.000643759,-0.000339039,-0.999238,2.37008e-05,3.81691e-05,-1.41023e-05
8.80277,0.521162,0.0145435,0.20514,-0.00048089,-0.000234548,-0.999336,1.19365e-05,1.30693e-05,-1.50674e-05
8.82039,0.521167,0.014614,0.205134,-0.000524337,-0.000229514,-0.99929,5.97055e-05,5.41039e-05,-1.58322e-05
8.84513,0.521175,0.0147282,0.205124,-0.000595499,-0.000333329,-0.999269,5.18576e-06,2.05488e-05,-1.44563e-05
8.86086,0.521182,0.0148135,0.205117,-0.00045614,-0.000210883,-0.999334,3.50237e-05,2.93154e-05,-1.61261e-05
8.88498,0.521188,0.0149015,0.205109,-0.000615464,-0.000314993,-0.99923,5.39583e-05,6.00017e-05,-1.55531e-05
8.89979,0.521193,0.0149745,0.205103,-0.000589204,-0.000340837,-0.999267,4.96139e-06,2.08205e-05,-1.48882e-05
8.91985,0.521201,0.0150621,0.205095,-0.000448686,-0.000216286,-0.999331,3.67614e-05,3.08611e-05,-1.65996e-05
8.94248,0.521209,0.0151676,0.205086,-0.000632494,-0.000348166,-0.999218,4.40793e-05,5.51376e-05,-1.56964e-05
8.95951,0.521217,0.0152722,0.205077,-0.0004792,-0.000272484,-0.999321,7.73285e-06,1.29532e-05,-1.61379e-05
8.97952,0.521225,0.0153637,0.205069,-0.000513136,-0.0002555,-0.999276,6.27506e-05,5.77621e-05,-1.71478e-05
9.00016,0.521235,0.0154872,0.205058,-0.000578169,-0.000356099,-0.99926,4.64512e-06,2.1321e-05,-1.58131e-05
9.02082,0.521242,0.015564,0.205051,-0.000434584,-0.000235842,-0.99933,2.87166e-05,2.50699e-05,-1.7351e-05
9.04449,0.52125,0.015659,0.205043,-0.000584128,-0.00032141,-0.999227,6.04715e-05,6.37413e-05,-1.71392e-05
9.06046,0.521258,0.0157539,0.205035,-0.000573472,-0.000363862,-0.999256,4.55572e-06,2.15444e-05,-1.63076e-05
9.08057,0.521267,0.0158488,0.205026,-0.00043047,-0.000234183,-0.99932,4.20391e-05,3.52584e-05,-1.81284e-05
9.10265,0.521277,0.015963,0.205016,-0.000631748,-0.000382855,-0.999199,4.22488e-05,5.5471e-05,-1.7055e-05
9.12087,0.521288,0.0160761,0.205005,-0.000457871,-0.000288005,-0.99931,1.14404e-05,1.58944e-05,-1.7736e-05
9.141,0.521297,0.0161752,0.204996,-0.000509614,-0.000285066,-0.999256,6.54903e-05,6.08609e-05,-1.86223e-05
9.15972,0.521309,0.0163087,0.204984,-0.000565844,-0.000379682,-0.999246,4.52029e-06,2.19219e-05,-1.73649e-05
9.18081,0.521321,0.0164259,0.204973,-0.00044114,-0.000253798,-0.999293,5.56788e-05,4.72012e-05,-1.93429e-05
9.20081,0.52133,0.0165291,0.204964,-0.000635363,-0.000407412,-0.999182,4.09478e-05,5.54289e-05,-1.80674e-05
9.2207,0.521344,0.0166655,0.204951,-0.000423074,-0.000274844,-0.999309,2.42522e-05,2.27406e-05,-1.9295e-05
9.24073,0.521354,0.0167705,0.204941,-0.000554043,-0.000338336,-0.999213,6.5771e-05,6.5627e-05,-1.94541e-05
9.26372,0.521367,0.0168934,0.20493,-0.00056075,-0.000395941,-0.999232,4.68336e-06,2.21831e-05,-1.85191e-05
9.28169,0.521376,0.0169812,0.204921,-0.000410201,-0.000266052,-0.999302,3.76813e-05,3.14137e-05,-2.02383e-05
9.30141,0.521386,0.0170894,0.204911,-0.000596961,-0.000383697,-0.999181,6.01152e-05,6.55374e-05,-1.97211e-05
9.32516,0.5214,0.0172153,0.204899,-0.000515636,-0.000374087,-0.999249,4.80849e-06,1.80336e-05,-1.94165e-05
9.34032,0.521409,0.0173058,0.20489,-0.000416409,-0.000270806,-0.999284,5.09313e-05,4.15247e-05,-2.10801e-05
9.36025,0.521422,0.0174357,0.204877,-0.000647609,-0.000446496,-0.99915,3.89019e-05,5.49106e-05,-1.97656e-05
9.37951,0.521439,0.0175832,0.204863,-0.000413054,-0.00029376,-0.999286,2.94877e-05,2.57242e-05,-2.12443e-05
9.40151,0.52145,0.0176967,0.204852,-0.000569308,-0.000377772,-0.999177,6.65085e-05,6.67896e-05,-2.12213e-05
9.42271,0.521467,0.0178483,0.204837,-0.000512315,-0.000388895,-0.999231,6.23853e-06,1.85317e-05,-2.07581e-05
9.44142,0.521479,0.0179632,0.204825,-0.000444954,-0.000301148,-0.999243,6.33785e-05,5.23985e-05,-2.24544e-05
9.46181,0.521492,0.0180804,0.204814,-0.000660755,-0.000474121,-0.999123,3.74921e-05,5.42191e-05,-2.103e-05
9.47985,0.521507,0.0182162,0.2048,-0.000432171,-0.000330881,-0.999259,2.17908e-05,2.14749e-05,-2.22878e-05
9.50019,0.52152,0.0183353,0.204788,-0.000537925,-0.000370327,-0.999175,7.05149e-05,6.53446e-05,-2.28133e-05
9.52334,0.521533,0.0184553,0.204776,-0.000642435,-0.000487485,-0.999133,1.52482e-05,3.62202e-05,-2.15446e-05
9.54023,0.521552,0.0186155,0.204759,-0.000423416,-0.000307819,-0.999238,5.79789e-05,4.52085e-05,-2.3863e-05
9.55951,0.521565,0.0187388,0.204747,-0.000666051,-0.000485169,-0.999095,4.80698e-05,6.04491e-05,-2.26301e-05
9.58342,0.521585,0.0189023,0.20473,-0.000432621,-0.000345573,-0.999236,2.51442e-05,2.25382e-05,-2.38299e-05
9.60233,0.521599,0.0190277,0.204717,-0.0005573,-0.000399491,-0.999141,7.15616e-05,6.57514e-05,-2.42404e-05
9.62181,0.521613,0.019154,0.204703,-0.000655593,-0.000511806,-0.999104,1.44607e-05,3.50936e-05,-2.3038e-05
9.63975,0.521631,0.0193012,0.204688,-0.000415461,-0.000323835,-0.999224,5.08485e-05,3.75398e-05,-2.52875e-05
9.65994,0.521648,0.0194524,0.204672,-0.000690431,-0.000517169,-0.999058,4.6799e-05,5.92974e-05,-2.41196e-05
9.68138,0.521666,0.0196028,0.204655,-0.000472145,-0.000392575,-0.999194,1.82138e-05,1.94106e-05,-2.50625e-05
9.7028,0.521686,0.0197787,0.204636,-0.00063444,-0.000470586,-0.999073,6.68166e-05,6.64429e-05,-2.54845e-05
9.72177,0.521699,0.0198893,0.204624,-0.000673014,-0.00053711,-0.99907,1.38185e-05,3.3634e-05,-2.46655e-05
9.74211,0.521723,0.0200896,0.204602,-0.000490697,-0.000375781,-0.999147,7.17595e-05,5.54281e-05,-2.70414e-05
9.76021,0.521736,0.0202034,0.20459,-0.000720333,-0.000550944,-0.999016,4.54588e-05,5.77064e-05,-2.57434e-05
9.78086,0.521753,0.020339,0.204575,-0.000528675,-0.00044751,-0.999139,1.30452e-05,1.82412e-05,-2.64103e-05
9.80354,0.521775,0.0205235,0.204554,-0.000614377,-0.000465243,-0.999058,7.30949e-05,6.50919e-05,-2.74632e-05
9.82054,0.521789,0.0206399,0.204541,-0.000728885,-0.000579963,-0.999008,2.14929e-05,4.02948e-05,-2.63748e-05
9.84036,0.521806,0.0207792,0.204525,-0.00045365,-0.000389216,-0.999159,3.41746e-05,2.35767e-05,-2.8232e-05
9.85975,0.521829,0.0209697,0.204504,-0.000730647,-0.000560865,-0.99898,5.61549e-05,6.14845e-05,-2.77555e-05
9.8796,0.521846,0.0211125,0.204487,-0.000600118,-0.000508165,-0.999072,1.02126e-05,1.90027e-05,-2.7917e-05
9.90543,0.52187,0.0213058,0.204465,-0.000592574,-0.000459598,-0.999043,7.68256e-05,6.09323e-05,-2.95556e-05
9.92396,0.521888,0.0214528,0.204448,-0.000760692,-0.00061105,-0.998961,2.04819e-05,3.78077e-05,-2.82712e-05
9.93992,0.521903,0.0215748,0.204434,-0.000503826,-0.000439129,-0.999105,2.62186e-05,1.84312e-05,-2.98079e-05
9.96334,0.52193,0.0217998,0.204407,-0.000774913,-0.000600044,-0.998924,5.50238e-05,5.91187e-05,-2.96631e-05
9.98007,0.521946,0.0219249,0.204392,-0.000683215,-0.000571788,-0.998994,1.01076e-05,2.1417e-05,-2.96236e-05
10.0038,0.521965,0.0220762,0.204374,-0.000486669,-0.000408529,-0.999084,6.40391e-05,3.82642e-05,-3.18089e-05
10.0198,0.521983,0.0222308,0.204356,-0.000799827,-0.000620557,-0.998894,5.44191e-05,5.76926e-05,-3.06786e-05
10.0404,0.522003,0.0223847,0.204337,-0.00063515,-0.000542607,-0.999005,1.28817e-05,1.60102e-05,-3.1068e-05
10.0638,0.52201,0.0225844,0.204337,-0.00133645,-0.000489911,-0.999036,7.70051e-05,-7.95404e-05,-3.0902e-05
10.0828,0.522008,0.0227536,0.204353,-0.0014469,-0.000564266,-0.999036,8.23382e-06,-0.000139917,-2.91739e-05
10.1004,0.522006,0.022871,0.204366,-0.00137553,-0.000496786,-0.999155,3.04139e-05,-0.000136988,-2.95859e-05
10.1207,0.521999,0.0231084,0.204393,-0.00155829,-0.000589187,-0.998991,2.07371e-05,-0.000136018,-2.83188e-05
10.1401,0.521997,0.0232224,0.204407,-0.00141274,-0.000515798,-0.999122,1.03277e-05,-0.000147567,-2.84239e-05
10.16,0.521993,0.0233609,0.204423,-0.00148943,-0.000508384,-0.999069,6.6335e-05,-0.000115446,-2.87636e-05
10.18,0.521987,0.0235431,0.204444,-0.00148374,-0.000546407,-0.999032,5.29994e-06,-0.00014642,-2.74516e-05
10.2017,0.521985,0.0236537,0.204457,-0.00140486,-0.00048325,-0.999133,3.25138e-05,-0.000134315,-2.79235e-05
10.2239,0.521978,0.0238337,0.204477,-0.00158589,-0.000568618,-0.998965,4.13158e-05,-0.000120747,-2.70396e-05
10.2405,0.521975,0.0239635,0.204491,-0.00142668,-0.000505347,-0.999084,6.11597e-06,-0.000145735,-2.67798e-05
10.2619,0.52197,0.0241157,0.204508,-0.00150359,-0.000494989,-0.99904,6.7074e-05,-0.000110812,-2.71286e-05
10.2801,0.521964,0.0242872,0.204527,-0.00147076,-0.000518135,-0.999024,5.153e-06,-0.000143533,-2.59436e-05
10.3017,0.52196,0.0244339,0.204542,-0.00144752,-0.000463398,-0.999083,5.76178e-05,-0.000116482,-2.65112e-05
10.3223,0.521955,0.0245403,0.204553,-0.00158185,-0.000538748,-0.998957,5.0324e-05,-0.000113212,-2.56881e-05
10.341,0.52195,0.0246832,0.204569,-0.00142462,-0.000482551,-0.999074,7.60813e-06,-0.00014129,-2.52846e-05
10.3599,0.521946,0.024806,0.204581,-0.00148404,-0.000465941,-0.999045,6.51681e-05,-0.000109395,-2.56797e-05
10.382,0.521938,0.0249881,0.2046,-0.00145987,-0.000491587,-0.999019,4.93085e-06,-0.000140622,-2.44753e-05
10.4017,0.521934,0.0251062,0.204612,-0.00143972,-0.000446536,-0.999081,5.00062e-05,-0.000116817,-2.49516e-05
10.4197,0.521929,0.0252067,0.204622,-0.00157179,-0.000507428,-0.998957,5.79118e-05,-0.000106731,-2.43754e-05
10.4427,0.521923,0.0253798,0.20464,-0.00141945,-0.000453916,-0.999082,1.70437e-05,-0.00013223,-2.39193e-05
10.4605,0.521917,0.0254962,0.204651,-0.00152771,-0.000467635,-0.998995,6.7331e-05,-0.000102672,-2.40158e-05
10.4841,0.521911,0.0256293,0.204665,-0.0014746,-0.000477041,-0.99899,8.25305e-06,-0.00013507,-2.30627e-05
10.4996,0.521907,0.0257401,0.204676,-0.00143474,-0.00043348,-0.999076,4.10532e-05,-0.000117385,-2.3413e-05
10.5205,0.5219,0.0258722,0.204688,-0.00156938,-0.000494561,-0.998934,4.60724e-05,-0.000109422,-2.27262e-05
10.5409,0.521895,0.0259804,0.204699,-0.00142914,-0.000447685,-0.999041,5.5625e-06,-0.000134937,-2.23774e-05
10.5595,0.521887,0.0261441,0.204715,-0.00155666,-0.000467833,-0.998954,6.28231e-05,-9.97173e-05,-2.23708e-05
10.5805,0.521882,0.0262507,0.204725,-0.0014598,-0.000451743,-0.998991,7.24593e-06,-0.0001323,-2.1687e-05
10.6014,0.521875,0.0263905,0.204738,-0.00148369,-0.000422727,-0.999022,6.26596e-05,-0.000101089,-2.20488e-05
10.6205,0.521869,0.0264965,0.204748,-0.00153792,-0.000468166,-0.998932,3.23977e-05,-0.000114339,-2.12058e-05
10.6422,0.521863,0.0266142,0.204759,-0.00142435,-0.000418847,-0.999064,2.14804e-05,-0.000121227,-2.11513e-05
10.6597,0.521855,0.0267518,0.204772,-0.00155968,-0.000458871,-0.99893,5.28956e-05,-0.000100642,-2.08041e-05
10.6801,0.52185,0.0268508,0.204781,-0.00142805,-0.000421845,-0.999017,4.44028e-06,-0.000129881,-2.03522e-05
10.7027,0.521845,0.0269492,0.20479,-0.00146732,-0.000404182,-0.999029,5.64239e-05,-0.000100316,-2.06934e-05
10.723,0.521838,0.0270493,0.204799,-0.00154261,-0.000448942,-0.998925,4.10782e-05,-0.000105539,-1.9995e-05
10.7399,0.521835,0.027113,0.204805,-0.0014373,-0.000416591,-0.998994,5.83376e-06,-0.000127454,-1.97178e-05
10.7603,0.521826,0.0272567,0.204818,-0.00151691,-0.00041234,-0.998974,6.69651e-05,-9.12516e-05,-1.99164e-05
10.7802,0.52182,0.0273522,0.204826,-0.00147946,-0.000421591,-0.998949,1.83044e-05,-0.00011807,-1.91685e-05
10.8008,0.521814,0.027459,0.204836,-0.00143772,-0.000391602,-0.999048,3.66391e-05,-0.000106118,-1.92916e-05
10.8221,0.521806,0.027569,0.204845,-0.00154159,-0.000428217,-0.998922,4.92494e-05,-9.70612e-05,-1.88385e-05
10.8399,0.521801,0.0276438,0.204852,-0.00142268,-0.000395012,-0.998997,4.99863e-06,-0.000123793,-1.84682e-05
10.8643,0.521792,0.0277788,0.204864,-0.00151753,-0.000398386,-0.998962,6.66432e-05,-8.6911e-05,-1.86191e-05
10.8822,0.521786,0.0278681,0.204871,-0.00145859,-0.000397417,-0.998953,1.60679e-05,-0.000115659,-1.79369e-05
10.9029,0.521782,0.0279393,0.204877,-0.00141592,-0.000381788,-0.999044,1.65591e-05,-0.000112555,-1.7915e-05
10.9217,0.521774,0.0280422,0.204886,-0.0015311,-0.000400205,-0.998938,6.32101e-05,-8.58454e-05,-1.78661e-05
10.9416,0.521768,0.0281276,0.204893,-0.00142398,-0.000378635,-0.998978,7.88533e-06,-0.000118387,-1.72958e-05
10.9612,0.521762,0.0282106,0.2049,-0.00144063,-0.000370011,-0.999033,4.02322e-05,-9.70712e-05,-1.74565e-05
10.9803,0.521754,0.0283105,0.204909,-0.00151753,-0.000396817,-0.998919,4.5227e-05,-9.35547e-05,-1.70001e-05
10.9999,0.521749,0.028378,0.204914,-0.00140229,-0.000365357,-0.999002,3.96486e-06,-0.000117728,-1.66871e-05
11.0208,0.521742,0.0284727,0.204922,-0.00147711,-0.000363874,-0.998991,6.07997e-05,-8.39653e-05,-1.69177e-05
11.0424,0.521736,0.0285417,0.204928,-0.0015085,-0.000386249,-0.998919,4.38163e-05,-9.24053e-05,-1.64144e-05
11.0616,0.521731,0.0286069,0.204933,-0.00139605,-0.000356172,-0.999003,3.68905e-06,-0.000115569,-1.61178e-05
11.0836,0.521724,0.0286986,0.204941,-0.00147739,-0.000357238,-0.998986,6.13146e-05,-8.13227e-05,-1.63338e-05
11.1,0.521718,0.0287654,0.204946,-0.00149908,-0.000375656,-0.99892,4.23755e-05,-9.12657e-05,-1.58418e-05
11.12,0.521712,0.0288406,0.204952,-0.00139149,-0.00034927,-0.999021,5.29401e-06,-0.000110965,-1.55538e-05
11.1406,0.521704,0.0289301,0.204959,-0.00149507,-0.000355674,-0.998959,6.53788e-05,-7.65918e-05,-1.57087e-05
11.161,0.521697,0.0290062,0.204965,-0.00143334,-0.000348849,-0.998946,1.9269e-05,-0.000103681,-1.51281e-05
11.1843,0.521691,0.0290905,0.204972,-0.0014264,-0.00034432,-0.999027,3.29508e-05,-9.11754e-05,-1.51279e-05
11.2014,0.521683,0.0291658,0.204978,-0.00150813,-0.000358772,-0.998924,5.85502e-05,-7.75791e-05,-1.49453e-05
11.2205,0.521678,0.0292258,0.204983,-0.00139825,-0.00033152,-0.998969,9.6656e-06,-0.000107087,-1.45407e-05
11.2412,0.521667,0.0293441,0.204992,-0.00149175,-0.000341887,-0.998951,6.50673e-05,-7.21151e-05,-1.45977e-05
11.2596,0.521661,0.0294036,0.204996,-0.00144069,-0.000335571,-0.998934,2.681e-05,-9.49053e-05,-1.41231e-05
11.285,0.521655,0.0294707,0.205002,-0.00139502,-0.000330521,-0.999028,1.33965e-05,-9.7728e-05,-1.3972e-05
11.301,0.521648,0.0295405,0.205007,-0.00148956,-0.00033492,-0.998947,6.48057e-05,-6.99497e-05,-1.40604e-05
11.3214,0.52164,0.0296088,0.205012,-0.0014016,-0.000316746,-0.998954,1.53722e-05,-9.97771e-05,-1.35474e-05
11.3433,0.521633,0.0296846,0.205018,-0.00142609,-0.000324218,-0.999015,3.63701e-05,-8.20512e-05,-1.35564e-05
11.3622,0.521624,0.0297637,0.205024,-0.00147326,-0.000329742,-0.998918,4.5694e-05,-7.88394e-05,-1.32498e-05
11.3809,0.521618,0.0298269,0.205028,-0.00136646,-0.000307792,-0.999011,2.90317e-06,-0.000101435,-1.29454e-05
11.4014,0.52161,0.0299018,0.205034,-0.00147307,-0.000317418,-0.998957,6.30294e-05,-6.63006e-05,-1.30833e-05
11.4206,0.521602,0.0299662,0.205039,-0.00140823,-0.000303648,-0.998942,2.23746e-05,-9.14349e-05,-1.26011e-05
11.4405,0.521596,0.0300262,0.205043,-0.00139204,-0.000310955,-0.999023,1.59084e-05,-8.88199e-05,-1.24735e-05
11.4609,0.521587,0.0300997,0.205048,-0.00148298,-0.000315826,-0.998924,5.98593e-05,-6.59384e-05,-1.24326e-05
11.4806,0.52158,0.0301598,0.205053,-0.00135689,-0.000285072,-0.998982,5.03123e-06,-9.85365e-05,-1.20271e-05
11.5036,0.521572,0.0302282,0.205058,-0.00144187,-0.000302989,-0.998987,5.05057e-05,-6.77097e-05,-1.21169e-05
11.5232,0.521564,0.0302891,0.205062,-0.00144531,-0.000300307,-0.998921,4.11496e-05,-7.53792e-05,-1.17698e-05
11.5404,0.521559,0.0303361,0.205065,-0.00134847,-0.000280646,-0.999001,1.62025e-06,-9.65388e-05,-1.15252e-05
11.5652,0.521549,0.0304126,0.205071,-0.00146784,-0.000297302,-0.998945,6.29748e-05,-5.9445e-05,-1.16099e-05
11.5808,0.521541,0.03047,0.205075,-0.00137774,-0.000273434,-0.998949,1.80089e-05,-8.77927e-05,-1.11767e-05
11.6026,0.521534,0.0305325,0.205079,-0.00140934,-0.000293417,-0.999008,3.00564e-05,-7.33321e-05,-1.11084e-05
11.6201,0.521524,0.0305987,0.205084,-0.00145086,-0.000287917,-0.998917,4.83673e-05,-6.65218e-05,-1.09125e-05
11.6415,0.521517,0.030651,0.205087,-0.00134088,-0.0002669,-0.999002,1.04805e-06,-9.193e-05,-1.06143e-05
11.6645,0.521508,0.0307129,0.205091,-0.00145414,-0.000283042,-0.998955,5.97597e-05,-5.63114e-05,-1.07176e-05
11.6825,0.5215,0.0307666,0.205095,-0.00138677,-0.000261881,-0.998937,2.53761e-05,-7.9154e-05,-1.03264e-05
11.703,0.521492,0.0308243,0.205099,-0.00139147,-0.00028063,-0.99901,2.06572e-05,-7.39e-05,-1.01817e-05
11.7205,0.521482,0.0308855,0.205103,-0.00145359,-0.000275076,-0.998916,5.43238e-05,-5.84104e-05,-1.00886e-05
11.7411,0.521474,0.0309422,0.205107,-0.0013354,-0.000254224,-0.999003,6.8334e-07,-8.71719e-05,-9.7412e-06
11.7606,0.521467,0.0309909,0.20511,-0.00144068,-0.000271002,-0.998963,5.41548e-05,-5.42827e-05,-9.84112e-06
11.7802,0.521456,0.0310566,0.205114,-0.00134225,-0.000236369,-0.998958,1.24255e-05,-8.26094e-05,-9.41648e-06
11.804,0.521449,0.0311019,0.205117,-0.00139275,-0.000269034,-0.999003,2.27097e-05,-6.79844e-05,-9.33094e-06
11.8235,0.521439,0.0311586,0.205121,-0.00144066,-0.000258329,-0.998914,5.17599e-05,-5.57574e-05,-9.22114e-06
11.8415,0.521431,0.0312032,0.205124,-0.00132078,-0.000233203,-0.998992,2.4131e-07,-8.46778e-05,-8.93044e-06
11.8604,0.521424,0.0312476,0.205127,-0.00142749,-0.000260684,-0.998971,4.65774e-05,-5.32414e-05,-8.98357e-06
11.8825,0.521411,0.0313157,0.205131,-0.00132738,-0.000219379,-0.998962,9.78281e-06,-7.98545e-05,-8.59112e-06
11.9016,0.521406,0.03135,0.205133,-0.00137378,-0.000254509,-0.999003,1.39104e-05,-6.87535e-05,-8.49054e-06
11.9202,0.5214,0.0313794,0.205135,-0.00144,-0.000251987,-0.998949,5.5712e-05,-4.67983e-05,-8.58326e-06
11.9406,0.521389,0.031437,0.205138,-0.00132077,-0.000211293,-0.998963,8.50743e-06,-7.8432e-05,-8.1912e-06
11.9605,0.521382,0.0314767,0.205141,-0.0013962,-0.000251976,-0.99899,2.5892e-05,-5.92363e-05,-8.11881e-06
11.9825,0.521371,0.0315268,0.205144,-0.00142072,-0.000232874,-0.998911,4.7596e-05,-5.21339e-05,-7.98824e-06
12.0001,0.521363,0.0315655,0.205146,-0.00131412,-0.000215263,-0.998992,-1.06108e-06,-7.81522e-05,-7.73541e-06
12.0234,0.521352,0.0316184,0.205149,-0.00144544,-0.000237209,-0.998924,5.9966e-05,-4.08732e-05,-7.7612e-06
12.0422,0.521342,0.0316639,0.205152,-0.0013093,-0.000195955,-0.998965,6.06036e-06,-7.54915e-05,-7.41563e-06
12.0611,0.521335,0.0317,0.205154,-0.0013995,-0.000240739,-0.998981,2.80497e-05,-5.35141e-05,-7.35037e-06
12.0798,0.521326,0.0317395,0.205156,-0.00142922,-0.000223206,-0.998906,5.30698e-05,-4.41716e-05,-7.26789e-06
12.0998,0.521315,0.0317865,0.205159,-0.00133266,-0.000216752,-0.998995,1.12628e-06,-6.96065e-05,-6.95441e-06
12.1212,0.521306,0.0318228,0.205161,-0.00143938,-0.000226643,-0.998929,5.69531e-05,-3.75648e-05,-7.01808e-06
12.146,0.521297,0.0318594,0.205163,-0.00133973,-0.000187614,-0.998933,2.16955e-05,-6.29803e-05,-6.73788e-06
12.1621,0.521291,0.0318863,0.205165,-0.00133425,-0.000212082,-0.998992,1.41041e-06,-6.7011e-05,-6.58726e-06
12.1819,0.521282,0.031921,0.205167,-0.0014393,-0.000220286,-0.998924,5.71052e-05,-3.53959e-05,-6.64527e-06
12.1998,0.521272,0.031961,0.205169,-0.00130876,-0.000173897,-0.99895,1.02516e-05,-6.75509e-05,-6.33985e-06
12.2221,0.521263,0.0319972,0.205171,-0.00140586,-0.000223963,-0.998965,3.12794e-05,-4.5134e-05,-6.25216e-06
12.2442,0.521254,0.0320259,0.205172,-0.0014318,-0.000206027,-0.998901,5.5762e-05,-3.58193e-05,-6.20278e-06
12.2601,0.521246,0.032057,0.205174,-0.00129386,-0.000168651,-0.998966,1.64212e-06,-6.92043e-05,-5.9546e-06
12.2799,0.521238,0.0320865,0.205176,-0.00140834,-0.000218372,-0.998959,3.23414e-05,-4.24012e-05,-5.89964e-06
12.3026,0.521226,0.0321243,0.205178,-0.00138166,-0.000181514,-0.998906,3.83631e-05,-4.59815e-05,-5.74294e-06
12.3211,0.521217,0.0321566,0.205179,-0.0013417,-0.00019877,-0.998982,2.58461e-06,-5.91423e-05,-5.52714e-06
12.3417,0.521206,0.0321918,0.205181,-0.00143672,-0.000196844,-0.998899,5.75252e-05,-2.99589e-05,-5.53536e-06
12.3595,0.521195,0.0322246,0.205183,-0.00129008,-0.00015666,-0.998964,-2.97e-07,-6.58469e-05,-5.2653e-06
12.3808,0.521185,0.0322558,0.205184,-0.00142743,-0.000203559,-0.998931,4.50176e-05,-3.19719e-05,-5.2321e-06
12.4008,0.521175,0.0322849,0.205186,-0.00136972,-0.000164527,-0.998904,3.5091e-05,-4.41846e-05,-5.05279e-06
12.4205,0.521167,0.0323093,0.205187,-0.00132187,-0.000177104,-0.998976,-2.03624e-06,-5.94042e-05,-4.87229e-06
12.4404,0.521159,0.0323309,0.205188,-0.0014297,-0.000197613,-0.998925,4.57741e-05,-2.95298e-05,-4.89615e-06
12.4647,0.521145,0.0323701,0.20519,-0.00128981,-0.00013883,-0.998949,3.65011e-06,-6.09008e-05,-4.62827e-06
12.4801,0.521138,0.0323888,0.205191,-0.00137982,-0.00019471,-0.998961,1.35774e-05,-4.4519e-05,-4.52067e-06
12.5008,0.521127,0.0324148,0.205192,-0.00143234,-0.00017609,-0.998886,5.54206e-05,-2.53094e-05,-4.51374e-06
12.5215,0.521115,0.032445,0.205193,-0.00130458,-0.000154024,-0.998966,-4.32806e-06,-5.87324e-05,-4.24812e-06
12.5409,0.521106,0.0324676,0.205194,-0.00143462,-0.000185689,-0.998911,4.71455e-05,-2.47834e-05,-4.24123e-06
12.5622,0.521094,0.0324953,0.205195,-0.0013221,-0.000129678,-0.998915,1.92293e-05,-4.87339e-05,-4.03605e-06
12.5805,0.521084,0.0325181,0.205196,-0.00138902,-0.000185511,-0.998948,1.54988e-05,-3.9074e-05,-3.88264e-06
12.6017,0.521071,0.0325449,0.205197,-0.00140969,-0.00015342,-0.998878,4.77058e-05,-2.71497e-05,-3.82294e-06
12.6235,0.521061,0.032567,0.205198,-0.00131131,-0.000146053,-0.998959,-4.75656e-06,-5.42902e-05,-3.61791e-06
12.6398,0.521051,0.0325868,0.205199,-0.00144004,-0.000173707,-0.998897,4.83123e-05,-2.02244e-05,-3.60773e-06
12.6617,0.521039,0.0326107,0.2052,-0.00131414,-0.000114278,-0.998912,1.59446e-05,-4.69071e-05,-3.41254e-06
12.682,0.521028,0.0326301,0.2052,-0.00139924,-0.000176227,-0.998934,1.75029e-05,-3.36884e-05,-3.26585e-06
12.7007,0.521017,0.0326501,0.205201,-0.00142689,-0.00014773,-0.998868,5.17577e-05,-1.99063e-05,-3.23473e-06
12.7242,0.521007,0.0326671,0.205202,-0.00128724,-0.000110279,-0.998939,-1.94138e-06,-5.34135e-05,-3.06574e-06
12.7403,0.520994,0.0326889,0.205202,-0.00144596,-0.00016165,-0.998883,4.92567e-05,-1.58567e-05,-2.99426e-06
12.7601,0.520988,0.0326984,0.205202,-0.00142565,-0.000140516,-0.998863,5.06984e-05,-1.86897e-05,-2.92867e-06
12.7797,0.520977,0.0327159,0.205203,-0.00130148,-0.000118632,-0.998943,-5.95249e-06,-5.09459e-05,-2.74138e-06
12.8024,0.520967,0.0327307,0.205203,-0.00144244,-0.00016165,-0.998889,4.17188e-05,-1.70399e-05,-2.69138e-06
12.8209,0.520955,0.0327477,0.205204,-0.00136644,-0.000110469,-0.998876,3.23287e-05,-3.03052e-05,-2.56284e-06
12.8461,0.520943,0.0327643,0.205204,-0.0013915,-0.000157781,-0.998924,9.55402e-06,-3.25919e-05,-2.377e-06
12.8596,0.520935,0.0327744,0.205204,-0.00145235,-0.000149501,-0.998868,4.99633e-05,-1.16825e-05,-2.39957e-06
12.8823,0.520928,0.0327848,0.205205,-0.00139616,-0.000114744,-0.998861,4.05916e-05,-2.23695e-05,-2.29947e-06
12.9005,0.520916,0.032798,0.205205,-0.00133773,-0.000128503,-0.998933,-4.78107e-06,-4.27141e-05,-2.12952e-06
12.92,0.520905,0.032811,0.205205,-0.00145572,-0.000143385,-0.99886,5.02234e-05,-9.6684e-06,-2.1089e-06
12.9415,0.520894,0.0328243,0.205205,-0.00132818,-8.42748e-05,-0.998885,1.81894e-05,-3.60364e-05,-1.96259e-06
12.9602,0.520879,0.0328392,0.205205,-0.00144564,-0.000149805,-0.998879,3.40891e-05,-1.46401e-05,-1.8163e-06
12.9803,0.520865,0.0328538,0.205205,-0.00135805,-8.68017e-05,-0.998866,2.72598e-05,-2.80623e-05,-1.70112e-06
13.0066,0.520851,0.0328648,0.205205,-0.0014125,-0.000145278,-0.9989,1.23369e-05,-2.46978e-05,-1.52719e-06
13.0202,0.520843,0.0328722,0.205205,-0.0014628,-0.00013106,-0.998844,5.05502e-05,-5.78652e-06,-1.54024e-06
13.0398,0.520832,0.0328826,0.205205,-0.00132494,-6.97311e-05,-0.998878,1.48403e-05,-3.43935e-05,-1.40612e-06
13.0601,0.52082,0.0328903,0.205205,-0.00142,-0.000141004,-0.998891,1.33093e-05,-2.20859e-05,-1.25212e-06
13.0795,0.520807,0.0329004,0.205205,-0.00144457,-0.000107433,-0.998829,4.95505e-05,-7.2492e-06,-1.22232e-06
13.1013,0.520793,0.032909,0.205205,-0.00133628,-9.81535e-05,-0.998909,-7.76015e-06,-3.82806e-05,-1.04937e-06
13.1218,0.520779,0.0329176,0.205204,-0.00147031,-0.000118593,-0.998828,5.06119e-05,-2.09909e-06,-9.87677e-07
13.1438,0.520765,0.0329257,0.205204,-0.00130632,-5.4884e-05,-0.998885,2.21888e-06,-3.76712e-05,-8.54408e-07
13.1619,0.520755,0.0329297,0.205204,-0.00143572,-0.000132258,-0.998872,1.53015e-05,-1.68975e-05,-7.13415e-07
13.1806,0.520742,0.0329371,0.205203,-0.00144642,-9.32712e-05,-0.998817,4.74638e-05,-4.94895e-06,-6.77645e-07
13.2003,0.520729,0.0329416,0.205203,-0.0013249,-7.35033e-05,-0.998895,-8.79628e-06,-3.74837e-05,-5.4903e-07
13.2206,0.520713,0.0329475,0.205202,-0.00147825,-0.000105962,-0.998811,5.04025e-05,1.39568e-06,-4.50314e-07
13.2398,0.520702,0.0329517,0.205202,-0.00135146,-4.90593e-05,-0.998846,1.86836e-05,-2.44351e-05,-3.54749e-07
13.2612,0.52069,0.0329531,0.205201,-0.00142618,-0.000118447,-0.998867,6.38087e-06,-1.87278e-05,-1.98827e-07
13.2841,0.520676,0.0329576,0.205201,-0.00147013,-9.00185e-05,-0.9988,4.96594e-05,1.32827e-06,-1.70219e-07
13.3021,0.520666,0.0329598,0.2052,-0.0013264,-3.64271e-05,-0.998857,6.74833e-06,-2.99499e-05,-8.81476e-08
13.3217,0.520653,0.0329598,0.2052,-0.00146095,-0.000118567,-0.998842,1.83563e-05,-9.21619e-06,6.80411e-08
13.3407,0.520639,0.0329633,0.205199,-0.00145,-7.16373e-05,-0.998797,4.39294e-05,-1.82631e-06,1.09746e-07
13.3599,0.520626,0.0329628,0.205198,-0.00134881,-6.44202e-05,-0.998873,-1.00528e-05,-3.14502e-05,2.22671e-07
13.3803,0.520609,0.0329637,0.205197,-0.00149093,-8.6659e-05,-0.998785,4.95731e-05,6.28369e-06,3.28947e-07
13.4022,0.520598,0.0329643,0.205196,-0.00135294,-2.78406e-05,-0.998831,1.35671e-05,-2.21749e-05,4.05485e-07
13.421,0.520584,0.0329611,0.205195,-0.00145503,-0.000106736,-0.998835,9.08092e-06,-1.09933e-05,5.64354e-07
13.4419,0.52057,0.0329617,0.205195,-0.00147871,-6.93803e-05,-0.998777,4.71013e-05,5.09503e-06,5.98037e-07
13.4612,0.520557,0.0329596,0.205194,-0.00133006,-2.51865e-05,-0.99885,-5.43565e-06,-2.99712e-05,6.69562e-07
13.48,0.520541,0.0329556,0.205192,-0.0015097,-9.24114e-05,-0.998781,4.14309e-05,7.98571e-06,8.17663e-07
13.5009,0.520526,0.0329545,0.205191,-0.00138631,-2.29254e-05,-0.998804,2.07626e-05,-1.35638e-05,8.88499e-07
13.5243,0.520515,0.0329491,0.20519,-0.00141177,-7.58205e-05,-0.998839,-6.86307e-06,-1.96952e-05,1.00432e-06
13.5424,0.520498,0.032946,0.205189,-0.00150453,-6.68648e-05,-0.998758,4.81263e-05,1.07617e-05,1.0781e-06
13.5597,0.520487,0.0329429,0.205188,-0.00135914,-7.96264e-06,-0.998813,8.54911e-06,-1.97408e-05,1.13432e-06
13.5828,0.520468,0.0329339,0.205186,-0.0015196,-8.8596e-05,-0.99877,3.40326e-05,8.5831e-06,1.30664e-06
13.6022,0.520453,0.0329305,0.205185,-0.00142407,-2.05858e-05,-0.998775,2.77804e-05,-4.5932e-06,1.36067e-06
13.6198,0.520444,0.0329256,0.205184,-0.00135106,-1.31977e-05,-0.998827,-8.66839e-06,-2.5508e-05,1.3892e-06
13.6399,0.520426,0.0329167,0.205183,-0.00153185,-7.41628e-05,-0.998747,4.26213e-05,1.40877e-05,1.54615e-06
13.6609,0.520409,0.03291,0.205181,-0.00136613,4.45615e-06,-0.998799,5.2879e-06,-1.79787e-05,1.60433e-06
13.6812,0.520399,0.032902,0.20518,-0.00144703,-6.75174e-05,-0.998805,-5.63259e-06,-1.23156e-05,1.72588e-06
13.7002,0.520381,0.0328945,0.205178,-0.00151907,-4.65143e-05,-0.99873,4.60748e-05,1.48537e-05,1.79905e-06
13.7197,0.520369,0.0328879,0.205177,-0.00137053,1.04e-05,-0.998792,3.68889e-06,-1.70467e-05,1.8349e-06
13.7398,0.520351,0.0328744,0.205175,-0.0015367,-7.8145e-05,-0.998748,2.62033e-05,1.05505e-05,2.01661e-06
13.7601,0.520333,0.0328657,0.205174,-0.00143065,1.86039e-06,-0.998754,2.26584e-05,-2.55308e-06,2.05984e-06
13.7817,0.52032,0.0328539,0.205172,-0.00143619,-4.3922e-05,-0.998792,-1.08111e-05,-1.37002e-05,2.15414e-06
13.8001,0.520302,0.0328429,0.20517,-0.00154682,-4.45812e-05,-0.998709,4.5886e-05,1.99008e-05,2.25551e-06
13.8209,0.520287,0.0328326,0.205169,-0.00138121,2.1738e-05,-0.998776,5.6424e-07,-1.50665e-05,2.2877e-06
13.8415,0.520274,0.0328193,0.205167,-0.00151736,-6.88113e-05,-0.998753,5.64543e-06,2.45287e-06,2.45483e-06
13.8608,0.520252,0.0328059,0.205165,-0.00147266,3.03011e-06,-0.998722,2.92965e-05,6.49251e-06,2.50847e-06
13.8797,0.520238,0.0327918,0.205163,-0.00142724,-1.78646e-05,-0.998776,-1.37716e-05,-1.41579e-05,2.57037e-06
13.9,0.520217,0.0327754,0.20516,-0.00156038,-3.11278e-05,-0.998687,4.49291e-05,2.29356e-05,2.71118e-06
13.9205,0.5202,0.0327596,0.205158,-0.00139428,2.32225e-05,-0.998766,-9.6946e-06,-1.55795e-05,2.73806e-06
13.9408,0.520185,0.0327442,0.205156,-0.00156536,-6.11084e-05,-0.998709,1.87717e-05,1.44128e-05,2.92219e-06
13.9613,0.520165,0.0327295,0.205154,-0.00148006,1.81597e-05,-0.998705,2.59768e-05,7.93747e-06,2.95113e-06
13.98,0.520151,0.0327126,0.205152,-0.00145402,-1.32027e-05,-0.998752,-1.41558e-05,-9.73411e-06,3.01728e-06
14.0015,0.520129,0.0326929,0.205149,-0.00157441,-1.73872e-05,-0.998664,4.3698e-05,2.58254e-05,3.15609e-06
14.0198,0.520108,0.0326706,0.205147,-0.0014358,1.13543e-05,-0.998745,-1.5034e-05,-1.13536e-05,3.19859e-06
14.0401,0.520092,0.0326533,0.205144,-0.00160075,-4.38611e-05,-0.998666,3.09561e-05,2.45964e-05,3.36732e-06
14.0638,0.52007,0.0326318,0.205141,-0.00142955,5.04238e-05,-0.998717,1.98898e-06,-4.89813e-06,3.37464e-06
14.082,0.520055,0.0326119,0.205139,-0.00155516,-4.19918e-05,-0.998698,-4.93446e-07,8.18389e-06,3.5413e-06
14.1008,0.52004,0.032598,0.205137,-0.0016056,-1.60618e-05,-0.998639,4.26479e-05,3.05205e-05,3.58668e-06
14.1207,0.520018,0.0325727,0.205134,-0.00143831,3.70449e-05,-0.998721,-1.38506e-05,-9.16895e-06,3.59974e-06
14.141,0.520005,0.0325554,0.205132,-0.00159686,-4.257e-05,-0.998666,1.11703e-05,1.80035e-05,3.78344e-06
14.1615,0.51999,0.0325407,0.20513,-0.00159639,3.79629e-06,-0.998629,4.13512e-05,2.99077e-05,3.80361e-06
14.181,0.519973,0.0325203,0.205128,-0.00143917,5.55262e-05,-0.998706,-9.40448e-06,-6.65148e-06,3.79421e-06
14.2011,0.519957,0.0324981,0.205125,-0.0016108,-3.7713e-05,-0.99865,1.20969e-05,2.05978e-05,3.99672e-06
14.2236,0.51993,0.0324683,0.205122,-0.0014731,6.53556e-05,-0.998672,6.91589e-06,4.09632e-06,4.00236e-06
14.2411,0.519916,0.0324482,0.205119,-0.00152921,-1.60446e-06,-0.998682,-1.41443e-05,2.07426e-06,4.09884e-06
14.2605,0.519898,0.0324267,0.205117,-0.00164409,-7.89116e-06,-0.9986,3.92673e-05,3.57397e-05,4.22022e-06
14.2799,0.519875,0.0323966,0.205113,-0.0014618,6.35459e-05,-0.998681,-1.19199e-05,-3.75227e-06,4.20475e-06
14.3002,0.519858,0.0323718,0.20511,-0.00163925,-2.75708e-05,-0.998617,1.39222e-05,2.57847e-05,4.41641e-06
14.3235,0.519839,0.03235,0.205108,-0.001589,4.10579e-05,-0.998603,3.24707e-05,2.81366e-05,4.42617e-06
14.3406,0.519816,0.0323154,0.205104,-0.00156224,3.31799e-06,-0.99865,-1.37732e-05,7.08235e-06,4.51756e-06
14.3598,0.519797,0.0322912,0.205101,-0.00166544,5.67851e-06,-0.998571,3.91132e-05,3.9511e-05,4.63171e-06
14.3864,0.519775,0.032262,0.205097,-0.00148315,8.26331e-05,-0.998649,-7.39214e-06,1.70666e-06,4.59939e-06
14.4003,0.519761,0.0322385,0.205095,-0.0016164,-9.98227e-06,-0.998618,-5.76642e-06,1.67442e-05,4.77154e-06
14.4208,0.519741,0.0322135,0.205092,-0.00166067,2.59996e-05,-0.998558,3.95368e-05,4.0035e-05,4.83244e-06
14.4402,0.519717,0.0321765,0.205088,-0.00152367,5.37412e-05,-0.998639,-1.85718e-05,2.22257e-06,4.83324e-06
14.461,0.519701,0.0321527,0.205085,-0.00168329,-1.12858e-05,-0.998566,1.65367e-05,3.35554e-05,5.02861e-06
14.4831,0.519681,0.0321267,0.205082,-0.00161061,6.43728e-05,-0.998566,2.79581e-05,3.09584e-05,5.02217e-06
14.4995,0.519663,0.0320966,0.205079,-0.00154003,5.62043e-05,-0.998623,-1.91734e-05,4.33389e-06,5.03235e-06
14.5208,0.519643,0.0320671,0.205075,-0.00170765,2.55213e-06,-0.998536,2.7358e-05,4.1256e-05,5.2334e-06
14.5406,0.519623,0.0320392,0.205072,-0.00158128,8.74943e-05,-0.99857,1.69609e-05,2.41331e-05,5.20532e-06
14.5606,0.519595,0.0319914,0.205067,-0.00169577,-3.14364e-06,-0.998546,7.06632e-06,3.2264e-05,5.40904e-06
14.5823,0.519574,0.0319625,0.205063,-0.00166148,6.38248e-05,-0.998526,3.241e-05,3.95961e-05,5.41474e-06
14.6011,0.519551,0.0319243,0.205059,-0.00157448,6.0977e-05,-0.99859,-2.02149e-05,8.73956e-06,5.42509e-06
